Unnamed: 0_level_0,Unnamed: 1_level_0,Unnamed: 2_level_0,Unnamed: 3_level_0,Unnamed: 4_level_0,Unnamed: 5_level_0,Unnamed: 6_level_0,Playing Time,Playing Time,Playing Time,Playing Time,Performance,Performance,Performance,Performance,Performance,Performance,Performance,Performance,Expected,Expected,Expected,Expected,Progression,Progression,Progression,Per 90 Minutes,Per 90 Minutes,Per 90 Minutes,Per 90 Minutes,Per 90 Minutes,Per 90 Minutes,Per 90 Minutes,Per 90 Minutes,Per 90 Minutes,Per 90 Minutes,Unnamed: 36_level_0
Rk,Player,Nation,Pos,Squad,Age,Born,MP,Starts,Min,90s,Gls,Ast,G+A,G-PK,PK,PKatt,CrdY,CrdR,xG,npxG,xAG,npxG+xAG,PrgC,PrgP,PrgR,Gls,Ast,G+A,G-PK,G+A-PK,xG,xAG,xG+xAG,npxG,npxG+xAG,Matches
1,Max Aarons,eng ENG,DF,Bournemouth,25-047,2000,3,1,86,1.0,0,0,0,0,0,0,0,0,0.0,0.0,0.0,0.0,1,8,3,0.00,0.00,0.00,0.00,0.00,0.00,0.00,0.00,0.00,0.00,Matches
2,Joshua Acheampong,eng ENG,DF,Chelsea,18-291,2006,2,2,160,1.8,0,0,0,0,0,0,0,0,0.2,0.2,0.0,0.2,0,7,0,0.00,0.00,0.00,0.00,0.00,0.12,0.00,0.12,0.12,0.12,Matches
3,Tyler Adams,us USA,MF,Bournemouth,26-006,1999,15,10,956,10.6,0,3,3,0,0,0,4,0,1.1,1.1,0.7,1.8,7,40,5,0.00,0.28,0.28,0.00,0.28,0.10,0.07,0.17,0.10,0.17,Matches
4,Tosin Adarabioyo,eng ENG,DF,Chelsea,27-149,1997,12,9,823,9.1,1,0,1,1,0,0,2,0,0.8,0.8,0.0,0.8,5,26,1,0.11,0.00,0.11,0.11,0.11,0.09,0.00,0.09,0.09,0.09,Matches
5,Simon Adingra,ci CIV,"FW,MF",Brighton,23-050,2002,17,6,600,6.7,2,1,3,2,0,0,0,0,1.5,1.5,0.9,2.4,22,8,76,0.30,0.15,0.45,0.30,0.45,0.22,0.14,0.36,0.22,0.36,Matches
6,Emmanuel Agbadou,ci CIV,DF,Wolves,27-248,1997,5,5,420,4.7,0,0,0,0,0,0,2,0,0.0,0.0,0.0,0.0,1,9,0,0.00,0.00,0.00,0.00,0.00,0.01,0.00,0.01,0.01,0.01,Matches
7,Asher Agbinone,eng ENG,MF,Crystal Palace,19-145,2005,2,0,6,0.1,0,0,0,0,0,0,0,0,0.0,0.0,0.0,0.1,2,0,1,0.00,0.00,0.00,0.00,0.00,0.29,0.50,0.79,0.29,0.79,Matches
8,Ola Aina,ng NGA,DF,Nott'ham Forest,28-135,1996,25,25,2171,24.1,2,1,3,2,0,0,2,0,0.6,0.6,0.7,1.3,48,85,47,0.08,0.04,0.12,0.08,0.12,0.02,0.03,0.05,0.02,0.05,Matches
9,Rayan Aït-Nouri,dz ALG,DF,Wolves,23-259,2001,24,24,2043,22.7,3,5,8,3,0,0,6,1,1.6,1.6,2.4,4.0,55,79,113,0.13,0.22,0.35,0.13,0.35,0.07,0.11,0.18,0.07,0.18,Matches
10,Kristoffer Ajer,no NOR,DF,Brentford,26-309,1998,12,11,882,9.8,0,0,0,0,0,0,3,0,0.6,0.6,0.8,1.4,20,35,25,0.00,0.00,0.00,0.00,0.00,0.06,0.08,0.14,0.06,0.14,Matches
11,Manuel Akanji,ch SUI,DF,Manchester City,29-216,1995,20,20,1707,19.0,0,0,0,0,0,0,3,0,0.7,0.7,0.4,1.1,38,135,6,0.00,0.00,0.00,0.00,0.00,0.04,0.02,0.06,0.04,0.06,Matches
12,Nathan Aké,nl NED,DF,Manchester City,30-002,1995,9,7,602,6.7,0,0,0,0,0,0,0,0,0.2,0.2,0.0,0.2,11,39,2,0.00,0.00,0.00,0.00,0.00,0.03,0.00,0.03,0.03,0.03,Matches
13,Carlos Alcaraz,ar ARG,MF,Southampton,22-082,2002,1,0,10,0.1,0,0,0,0,0,0,0,0,0.1,0.1,0.1,0.2,4,6,1,0.00,0.00,0.00,0.00,0.00,0.62,0.86,1.48,0.62,1.48,Matches
14,Carlos Alcaraz,ar ARG,MF,Everton,22-082,2002,2,1,99,1.1,1,1,2,1,0,0,0,0,0.2,0.2,0.3,0.6,3,4,6,0.91,0.91,1.82,0.91,1.82,0.22,0.31,0.54,0.22,0.54,Matches
15,Trent Alexander-Arnold,eng ENG,DF,Liverpool,26-136,1998,25,23,1892,21.0,2,6,8,2,0,0,4,0,1.3,1.3,6.6,7.9,44,177,80,0.10,0.29,0.38,0.10,0.38,0.06,0.31,0.38,0.06,0.38,Matches
16,Alisson,br BRA,GK,Liverpool,32-141,1992,18,18,1608,17.9,0,0,0,0,0,0,0,0,0.0,0.0,0.6,0.6,0,0,0,0.00,0.00,0.00,0.00,0.00,0.00,0.03,0.03,0.00,0.03,Matches
17,Miguel Almirón,py PAR,FW,Newcastle Utd,31-010,1994,9,1,157,1.7,0,0,0,0,0,0,0,0,0.5,0.5,0.3,0.8,3,6,18,0.00,0.00,0.00,0.00,0.00,0.30,0.15,0.45,0.30,0.45,Matches
18,Edson Álvarez,mx MEX,MF,West Ham,27-119,1997,20,15,1319,14.7,0,1,1,0,0,0,8,1,0.3,0.3,0.8,1.1,16,59,16,0.00,0.07,0.07,0.00,0.07,0.02,0.05,0.07,0.02,0.07,Matches
19,Will Alves,eng ENG,FW,Leicester City,20-017,2005,1,0,1,0.0,0,0,0,0,0,0,0,0,0.0,0.0,0.0,0.0,0,0,1,0.00,0.00,0.00,0.00,0.00,0.00,0.00,0.00,0.00,0.00,Matches
20,Samuel Amo-Ameyaw,eng ENG,"FW,DF",Southampton,18-217,2006,2,0,28,0.3,0,0,0,0,0,0,1,0,0.0,0.0,0.1,0.1,1,0,3,0.00,0.00,0.00,0.00,0.00,0.07,0.22,0.29,0.07,0.29,Matches
21,Joachim Andersen,dk DEN,DF,Crystal Palace,28-265,1996,1,1,90,1.0,0,0,0,0,0,0,1,0,0.0,0.0,0.0,0.0,1,4,1,0.00,0.00,0.00,0.00,0.00,0.04,0.00,0.04,0.04,0.04,Matches
22,Joachim Andersen,dk DEN,DF,Fulham,28-265,1996,16,16,1413,15.7,0,0,0,0,0,0,3,1,0.3,0.3,0.3,0.7,9,66,1,0.00,0.00,0.00,0.00,0.00,0.02,0.02,0.04,0.02,0.04,Matches
23,Elliot Anderson,eng ENG,MF,Nott'ham Forest,22-106,2002,24,20,1636,18.2,1,5,6,1,0,0,5,0,1.2,1.2,2.8,4.0,32,84,61,0.06,0.28,0.33,0.06,0.33,0.06,0.16,0.22,0.06,0.22,Matches
24,André,br BRA,MF,Wolves,23-219,2001,20,18,1402,15.6,0,0,0,0,0,0,3,0,0.1,0.1,0.6,0.7,5,53,5,0.00,0.00,0.00,0.00,0.00,0.01,0.04,0.04,0.01,0.04,Matches
25,Michail Antonio,jm JAM,FW,West Ham,34-329,1990,14,11,836,9.3,1,1,2,1,0,0,1,0,2.2,2.2,1.6,3.8,29,18,59,0.11,0.11,0.22,0.11,0.22,0.24,0.17,0.41,0.24,0.41,Matches
Rk,Player,Nation,Pos,Squad,Age,Born,MP,Starts,Min,90s,Gls,Ast,G+A,G-PK,PK,PKatt,CrdY,CrdR,xG,npxG,xAG,npxG+xAG,PrgC,PrgP,PrgR,Gls,Ast,G+A,G-PK,G+A-PK,xG,xAG,xG+xAG,npxG,npxG+xAG,Matches
26,Antony,br BRA,"DF,MF",Manchester Utd,24-362,2000,8,0,141,1.6,0,0,0,0,0,0,0,0,1.0,1.0,0.1,1.1,5,6,7,0.00,0.00,0.00,0.00,0.00,0.65,0.08,0.73,0.65,0.73,Matches
27,Julian Araujo,mx MEX,DF,Bournemouth,23-191,2001,8,5,355,3.9,0,0,0,0,0,0,1,0,0.0,0.0,0.0,0.0,2,14,11,0.00,0.00,0.00,0.00,0.00,0.00,0.00,0.00,0.00,0.00,Matches
28,Cameron Archer,eng ENG,FW,Southampton,23-214,2001,22,10,1053,11.7,2,0,2,2,0,1,0,0,4.8,4.0,0.3,4.3,15,11,47,0.17,0.00,0.17,0.17,0.17,0.41,0.03,0.44,0.34,0.37,Matches
29,Alphonse Areola,fr FRA,GK,West Ham,31-359,1993,14,13,1180,13.1,0,0,0,0,0,0,0,0,0.0,0.0,0.0,0.0,0,0,0,0.00,0.00,0.00,0.00,0.00,0.00,0.00,0.00,0.00,0.00,Matches
30,Joe Aribo,ng NGA,MF,Southampton,28-214,1996,24,16,1549,17.2,3,0,3,3,0,0,1,0,2.6,2.6,1.5,4.0,31,59,56,0.17,0.00,0.17,0.17,0.17,0.15,0.09,0.23,0.15,0.23,Matches
31,Adam Armstrong,eng ENG,"FW,MF",Southampton,28-010,1997,20,15,1248,13.9,2,2,4,2,0,1,4,0,3.3,2.3,1.2,3.5,25,21,79,0.14,0.14,0.29,0.14,0.29,0.24,0.09,0.32,0.17,0.25,Matches
32,Harrison Armstrong,eng ENG,MF,Everton,18-032,2007,3,0,48,0.5,0,0,0,0,0,0,1,0,0.4,0.4,0.1,0.4,1,1,0,0.00,0.00,0.00,0.00,0.00,0.69,0.14,0.82,0.69,0.82,Matches
33,Kepa Arrizabalaga,es ESP,GK,Bournemouth,30-140,1994,18,18,1620,18.0,0,0,0,0,0,0,2,0,0.0,0.0,0.0,0.0,0,0,0,0.00,0.00,0.00,0.00,0.00,0.00,0.00,0.00,0.00,0.00,Matches
34,Marco Asensio,es ESP,"MF,FW",Aston Villa,29-030,1996,2,1,94,1.0,0,0,0,0,0,0,0,0,0.4,0.4,0.0,0.4,3,7,3,0.00,0.00,0.00,0.00,0.00,0.35,0.02,0.37,0.35,0.37,Matches
35,Brandon Austin,eng ENG,GK,Tottenham,26-043,1999,1,1,90,1.0,0,0,0,0,0,0,0,0,0.0,0.0,0.0,0.0,0,0,0,0.00,0.00,0.00,0.00,0.00,0.00,0.00,0.00,0.00,0.00,Matches
36,Taiwo Awoniyi,ng NGA,FW,Nott'ham Forest,27-192,1997,19,2,257,2.9,1,0,1,1,0,0,0,0,2.0,2.0,0.1,2.1,5,5,13,0.35,0.00,0.35,0.35,0.35,0.70,0.04,0.74,0.70,0.74,Matches
37,Yasin Ayari,se SWE,MF,Brighton,21-137,2003,21,14,1274,14.2,0,0,0,0,0,0,3,0,1.4,1.4,1.5,2.9,20,47,51,0.00,0.00,0.00,0.00,0.00,0.10,0.10,0.21,0.10,0.21,Matches
38,Jordan Ayew,gh GHA,"FW,MF",Crystal Palace,33-162,1991,1,0,21,0.2,0,0,0,0,0,0,1,0,0.5,0.5,0.0,0.5,0,0,1,0.00,0.00,0.00,0.00,0.00,1.96,0.21,2.17,1.96,2.17,Matches
39,Jordan Ayew,gh GHA,"FW,MF",Leicester City,33-162,1991,22,14,1244,13.8,4,0,4,3,1,1,5,0,2.8,2.0,0.7,2.8,30,27,63,0.29,0.00,0.29,0.22,0.22,0.20,0.05,0.26,0.15,0.20,Matches
40,Benoît Badiashile,fr FRA,DF,Chelsea,23-331,2001,4,2,249,2.8,0,0,0,0,0,0,0,0,0.0,0.0,0.0,0.0,3,16,2,0.00,0.00,0.00,0.00,0.00,0.00,0.00,0.00,0.00,0.00,Matches
41,Leon Bailey,jm JAM,"FW,MF",Aston Villa,27-195,1997,20,13,1035,11.5,1,2,3,1,0,0,2,0,1.5,1.5,1.5,3.0,51,32,107,0.09,0.17,0.26,0.09,0.26,0.13,0.13,0.26,0.13,0.26,Matches
42,Carlos Baleba,cm CMR,MF,Brighton,21-048,2004,21,19,1603,17.8,2,1,3,2,0,0,7,1,1.3,1.3,0.7,2.0,28,77,17,0.11,0.06,0.17,0.11,0.17,0.08,0.04,0.11,0.08,0.11,Matches
43,Ross Barkley,eng ENG,MF,Aston Villa,31-077,1993,16,3,554,6.2,3,1,4,3,0,0,3,0,1.7,1.7,0.6,2.3,14,32,8,0.49,0.16,0.65,0.49,0.65,0.27,0.09,0.37,0.27,0.37,Matches
44,Harvey Barnes,eng ENG,FW,Newcastle Utd,27-073,1997,20,6,782,8.7,5,1,6,5,0,0,0,0,3.0,3.0,2.4,5.4,42,41,82,0.58,0.12,0.69,0.58,0.69,0.34,0.28,0.62,0.34,0.62,Matches
45,Calvin Bassey,ng NGA,DF,Fulham,25-051,1999,24,24,2160,24.0,1,0,1,1,0,0,5,0,1.0,1.0,0.1,1.1,19,76,11,0.04,0.00,0.04,0.04,0.04,0.04,0.00,0.04,0.04,0.04,Matches
46,Jan Bednarek,pl POL,DF,Southampton,28-314,1996,21,21,1872,20.8,2,0,2,2,0,0,5,0,0.7,0.7,0.5,1.1,4,51,1,0.10,0.00,0.10,0.10,0.10,0.03,0.02,0.05,0.03,0.05,Matches
47,Jean-Ricner Bellegarde,fr FRA,"MF,FW",Wolves,26-238,1998,23,11,992,11.0,2,3,5,2,0,0,3,0,0.9,0.9,1.8,2.7,26,24,54,0.18,0.27,0.45,0.18,0.45,0.08,0.17,0.25,0.08,0.25,Matches
48,Rodrigo Bentancur,uy URU,MF,Tottenham,27-240,1997,15,12,945,10.5,2,0,2,2,0,0,5,0,0.8,0.8,0.4,1.2,15,65,14,0.19,0.00,0.19,0.19,0.19,0.08,0.04,0.12,0.08,0.12,Matches
49,Sander Berge,no NOR,MF,Fulham,27-006,1998,18,14,1317,14.6,0,0,0,0,0,0,2,0,0.2,0.2,0.6,0.7,14,69,1,0.00,0.00,0.00,0.00,0.00,0.01,0.04,0.05,0.01,0.05,Matches
50,Lucas Bergvall,se SWE,MF,Tottenham,19-018,2006,18,6,670,7.4,0,0,0,0,0,0,3,0,0.4,0.4,0.4,0.8,16,32,16,0.00,0.00,0.00,0.00,0.00,0.05,0.05,0.10,0.05,0.10,Matches
Rk,Player,Nation,Pos,Squad,Age,Born,MP,Starts,Min,90s,Gls,Ast,G+A,G-PK,PK,PKatt,CrdY,CrdR,xG,npxG,xAG,npxG+xAG,PrgC,PrgP,PrgR,Gls,Ast,G+A,G-PK,G+A-PK,xG,xAG,xG+xAG,npxG,npxG+xAG,Matches
51,Victor Bernth Kristiansen,dk DEN,DF,Leicester City,22-066,2002,22,22,1937,21.5,0,1,1,0,0,0,1,0,0.3,0.3,1.3,1.6,30,55,56,0.00,0.05,0.05,0.00,0.05,0.01,0.06,0.08,0.01,0.08,Matches
52,Beto,gw GNB,FW,Everton,27-020,1998,17,4,584,6.5,5,0,5,5,0,0,1,0,3.5,3.5,0.2,3.7,8,5,32,0.77,0.00,0.77,0.77,0.77,0.54,0.03,0.56,0.54,0.56,Matches
53,Philip Billing,dk DEN,MF,Bournemouth,28-254,1996,10,1,184,2.0,0,0,0,0,0,0,1,0,0.6,0.6,1.0,1.6,3,15,13,0.00,0.00,0.00,0.00,0.00,0.28,0.51,0.79,0.28,0.79,Matches
54,Yves Bissouma,ml MLI,MF,Tottenham,28-174,1996,19,12,1049,11.7,2,0,2,2,0,0,5,0,0.5,0.5,0.2,0.7,15,66,3,0.17,0.00,0.17,0.17,0.17,0.04,0.02,0.06,0.04,0.06,Matches
55,Lamare Bogarde,nl NED,"DF,MF",Aston Villa,21-046,2004,6,4,354,3.9,0,0,0,0,0,0,2,0,0.0,0.0,0.1,0.2,10,11,8,0.00,0.00,0.00,0.00,0.00,0.01,0.03,0.04,0.01,0.04,Matches
56,Willy Boly,ci CIV,DF,Nott'ham Forest,34-017,1991,5,1,134,1.5,0,0,0,0,0,0,1,0,0.1,0.1,0.0,0.1,0,2,0,0.00,0.00,0.00,0.00,0.00,0.05,0.00,0.05,0.05,0.05,Matches
57,Sven Botman,nl NED,DF,Newcastle Utd,25-039,2000,3,3,224,2.5,0,0,0,0,0,0,1,0,0.0,0.0,0.0,0.0,0,3,0,0.00,0.00,0.00,0.00,0.00,0.01,0.00,0.01,0.01,0.01,Matches
58,Jarrod Bowen,eng ENG,"FW,MF",West Ham,28-062,1996,21,21,1835,20.4,6,4,10,5,1,1,1,0,4.9,4.1,4.6,8.8,74,66,125,0.29,0.20,0.49,0.25,0.44,0.24,0.23,0.47,0.20,0.43,Matches
59,Conor Bradley,nir NIR,DF,Liverpool,21-226,2003,12,2,372,4.1,0,0,0,0,0,0,2,0,0.5,0.5,0.0,0.5,17,17,18,0.00,0.00,0.00,0.00,0.00,0.12,0.00,0.12,0.12,0.12,Matches
60,Jarrad Branthwaite,eng ENG,DF,Everton,22-238,2002,18,16,1448,16.1,0,1,1,0,0,0,3,0,0.5,0.5,0.6,1.1,6,39,1,0.00,0.06,0.06,0.00,0.06,0.03,0.03,0.07,0.03,0.07,Matches
61,James Bree,eng ENG,DF,Southampton,27-132,1997,12,9,755,8.4,0,1,1,0,0,0,0,0,0.1,0.1,0.9,1.0,9,26,31,0.00,0.12,0.12,0.00,0.12,0.01,0.11,0.12,0.01,0.12,Matches
62,Ben Brereton,cl CHI,FW,Southampton,25-308,1999,10,4,449,5.0,0,0,0,0,0,0,1,0,0.9,0.9,0.1,1.0,12,9,42,0.00,0.00,0.00,0.00,0.00,0.18,0.02,0.20,0.18,0.20,Matches
63,Nathan Broadhead,wls WAL,"FW,MF",Ipswich Town,26-321,1998,9,4,380,4.2,0,0,0,0,0,0,1,0,1.0,1.0,0.5,1.5,12,10,19,0.00,0.00,0.00,0.00,0.00,0.23,0.13,0.36,0.23,0.36,Matches
64,Armando Broja,al ALB,FW,Everton,23-163,2001,5,2,159,1.8,0,0,0,0,0,0,1,0,0.1,0.1,0.1,0.2,8,2,15,0.00,0.00,0.00,0.00,0.00,0.06,0.06,0.13,0.06,0.13,Matches
65,David Brooks,wls WAL,FW,Bournemouth,27-227,1997,18,7,638,7.1,2,0,2,2,0,0,3,0,1.6,1.6,1.6,3.2,22,14,61,0.28,0.00,0.28,0.28,0.28,0.23,0.22,0.46,0.23,0.46,Matches
66,Emi Buendía,ar ARG,"MF,FW",Aston Villa,28-057,1996,12,0,98,1.1,0,0,0,0,0,0,1,0,0.7,0.7,0.0,0.7,3,7,6,0.00,0.00,0.00,0.00,0.00,0.60,0.02,0.62,0.60,0.62,Matches
67,Santiago Bueno,uy URU,DF,Wolves,26-103,1998,18,15,1364,15.2,0,0,0,0,0,0,0,0,0.4,0.4,0.0,0.4,1,23,1,0.00,0.00,0.00,0.00,0.00,0.03,0.00,0.03,0.03,0.03,Matches
68,Facundo Buonanotte,ar ARG,"FW,MF",Leicester City,20-059,2004,21,12,1152,12.8,4,2,6,4,0,0,6,0,3.3,3.3,2.8,6.1,33,41,54,0.31,0.16,0.47,0.31,0.47,0.26,0.22,0.48,0.26,0.48,Matches
69,Cameron Burgess,au AUS,DF,Ipswich Town,29-122,1995,10,10,900,10.0,0,1,1,0,0,0,0,0,0.7,0.7,0.3,1.0,2,27,3,0.00,0.10,0.10,0.00,0.10,0.07,0.03,0.10,0.07,0.10,Matches
70,Dan Burn,eng ENG,DF,Newcastle Utd,32-287,1992,24,24,2160,24.0,0,0,0,0,0,0,7,0,1.1,1.1,0.2,1.3,3,39,6,0.00,0.00,0.00,0.00,0.00,0.05,0.01,0.05,0.05,0.05,Matches
71,Wes Burns,wls WAL,"FW,DF",Ipswich Town,30-089,1994,18,12,926,10.3,0,1,1,0,0,0,1,0,0.5,0.5,1.6,2.2,38,8,65,0.00,0.10,0.10,0.00,0.10,0.05,0.16,0.21,0.05,0.21,Matches
72,Moisés Caicedo,ec ECU,MF,Chelsea,23-110,2001,25,25,2189,24.3,1,2,3,1,0,0,7,0,0.6,0.6,2.3,2.8,27,129,27,0.04,0.08,0.12,0.04,0.12,0.02,0.09,0.12,0.02,0.12,Matches
73,Tom Cairney,sct SCO,MF,Fulham,34-031,1991,17,2,397,4.4,1,0,1,1,0,0,2,1,0.1,0.1,0.7,0.8,12,43,20,0.23,0.00,0.23,0.23,0.23,0.03,0.16,0.19,0.03,0.19,Matches
74,Jens Cajuste,se SWE,MF,Ipswich Town,25-194,1999,18,15,1121,12.5,0,0,0,0,0,0,2,0,0.1,0.1,0.3,0.4,16,30,8,0.00,0.00,0.00,0.00,0.00,0.01,0.02,0.04,0.01,0.04,Matches
75,Riccardo Calafiori,it ITA,DF,Arsenal,22-277,2002,14,8,768,8.5,2,1,3,2,0,0,3,0,0.7,0.7,0.2,0.9,13,39,22,0.23,0.12,0.35,0.23,0.35,0.08,0.03,0.11,0.08,0.11,Matches
Rk,Player,Nation,Pos,Squad,Age,Born,MP,Starts,Min,90s,Gls,Ast,G+A,G-PK,PK,PKatt,CrdY,CrdR,xG,npxG,xAG,npxG+xAG,PrgC,PrgP,PrgR,Gls,Ast,G+A,G-PK,G+A-PK,xG,xAG,xG+xAG,npxG,npxG+xAG,Matches
76,Dominic Calvert-Lewin,eng ENG,FW,Everton,27-341,1997,22,19,1574,17.5,3,1,4,3,0,0,2,0,6.1,6.1,0.6,6.7,22,19,105,0.17,0.06,0.23,0.17,0.23,0.35,0.04,0.39,0.35,0.39,Matches
77,Diego Carlos,br BRA,DF,Aston Villa,31-342,1993,10,8,830,9.2,0,0,0,0,0,0,1,0,0.6,0.6,0.0,0.6,3,34,0,0.00,0.00,0.00,0.00,0.00,0.07,0.00,0.07,0.07,0.07,Matches
78,Fabio Carvalho,pt POR,"FW,MF",Brentford,22-174,2002,18,3,436,4.8,1,1,2,1,0,0,1,0,2.4,2.4,0.5,3.0,9,17,22,0.21,0.21,0.41,0.21,0.41,0.50,0.11,0.61,0.50,0.61,Matches
79,Casemiro,br BRA,MF,Manchester Utd,32-363,1992,15,11,926,10.3,1,0,1,1,0,0,2,0,1.3,1.3,2.2,3.5,3,50,22,0.10,0.00,0.10,0.10,0.10,0.13,0.21,0.34,0.13,0.34,Matches
80,Kaelan Casey,eng ENG,DF,West Ham,20-115,2004,1,0,1,0.0,0,0,0,0,0,0,0,0,0.0,0.0,0.0,0.0,0,0,0,0.00,0.00,0.00,0.00,0.00,0.00,0.00,0.00,0.00,0.00,Matches
81,Matty Cash,pl POL,DF,Aston Villa,27-197,1997,17,15,1282,14.2,1,1,2,1,0,0,5,0,0.2,0.2,1.0,1.3,34,29,47,0.07,0.07,0.14,0.07,0.14,0.02,0.07,0.09,0.02,0.09,Matches
82,Timothy Castagne,be BEL,DF,Fulham,29-077,1995,15,10,993,11.0,0,1,1,0,0,0,1,0,0.1,0.1,1.1,1.2,13,40,40,0.00,0.09,0.09,0.00,0.09,0.01,0.10,0.11,0.01,0.11,Matches
83,Trevoh Chalobah,eng ENG,DF,Crystal Palace,25-230,1999,12,12,1060,11.8,3,0,3,3,0,0,1,0,1.2,1.2,0.4,1.6,11,34,6,0.25,0.00,0.25,0.25,0.25,0.10,0.03,0.14,0.10,0.14,Matches
84,Trevoh Chalobah,eng ENG,DF,Chelsea,25-230,1999,4,3,271,3.0,0,1,1,0,0,0,0,0,0.2,0.2,1.1,1.3,2,12,0,0.00,0.33,0.33,0.00,0.33,0.07,0.37,0.45,0.07,0.45,Matches
85,Conor Chaplin,eng ENG,"MF,FW",Ipswich Town,28-004,1997,15,7,614,6.8,1,1,2,1,0,0,1,0,1.2,1.2,0.6,1.8,10,25,20,0.15,0.15,0.29,0.15,0.29,0.17,0.09,0.26,0.17,0.26,Matches
86,Federico Chiesa,it ITA,FW,Liverpool,27-118,1997,3,0,28,0.3,0,0,0,0,0,0,0,0,0.2,0.2,0.0,0.2,2,1,4,0.00,0.00,0.00,0.00,0.00,0.52,0.00,0.52,0.52,0.52,Matches
87,Ben Chilwell,eng ENG,DF,Crystal Palace,28-061,1996,1,0,31,0.3,0,0,0,0,0,0,0,0,0.0,0.0,0.0,0.0,0,1,4,0.00,0.00,0.00,0.00,0.00,0.13,0.00,0.13,0.13,0.13,Matches
88,Chiquinho,pt POR,MF,Wolves,25-015,2000,1,0,7,0.1,0,0,0,0,0,0,0,0,0.0,0.0,0.0,0.0,0,0,0,0.00,0.00,0.00,0.00,0.00,0.00,0.42,0.42,0.00,0.42,Matches
89,Hamza Choudhury,eng ENG,"MF,DF",Leicester City,27-142,1997,4,1,131,1.5,0,0,0,0,0,0,0,0,0.0,0.0,0.4,0.4,4,3,6,0.00,0.00,0.00,0.00,0.00,0.00,0.27,0.27,0.00,0.27,Matches
90,Ryan Christie,sct SCO,MF,Bournemouth,29-364,1995,24,22,1840,20.4,2,3,5,2,0,0,9,0,1.5,1.5,3.2,4.6,28,122,40,0.10,0.15,0.24,0.10,0.24,0.07,0.16,0.23,0.07,0.23,Matches
91,Harry Clarke,eng ENG,DF,Ipswich Town,23-355,2001,7,4,379,4.2,0,0,0,0,0,0,3,1,0.1,0.1,0.0,0.1,5,14,2,0.00,0.00,0.00,0.00,0.00,0.02,0.01,0.03,0.02,0.03,Matches
92,Jack Clarke,eng ENG,"FW,MF",Ipswich Town,24-089,2000,20,5,637,7.1,0,2,2,0,0,0,1,0,0.8,0.8,1.2,2.1,16,18,29,0.00,0.28,0.28,0.00,0.28,0.12,0.18,0.29,0.12,0.29,Matches
93,Nathaniel Clyne,eng ENG,"DF,MF",Crystal Palace,33-321,1991,11,4,397,4.4,0,0,0,0,0,0,1,0,0.0,0.0,0.1,0.1,5,6,7,0.00,0.00,0.00,0.00,0.00,0.00,0.03,0.03,0.00,0.03,Matches
94,Conor Coady,eng ENG,DF,Leicester City,31-361,1993,10,8,716,8.0,0,0,0,0,0,0,1,0,0.0,0.0,0.1,0.1,0,19,0,0.00,0.00,0.00,0.00,0.00,0.00,0.01,0.01,0.00,0.01,Matches
95,Séamus Coleman,ie IRL,DF,Everton,36-132,1988,3,2,197,2.2,0,0,0,0,0,0,1,0,0.6,0.6,0.0,0.6,1,8,2,0.00,0.00,0.00,0.00,0.00,0.26,0.00,0.26,0.26,0.26,Matches
96,Nathan Collins,ie IRL,DF,Brentford,23-296,2001,25,25,2250,25.0,2,1,3,2,0,0,2,0,2.2,2.2,1.4,3.5,20,88,16,0.08,0.04,0.12,0.08,0.12,0.09,0.05,0.14,0.09,0.14,Matches
97,Toby Collyer,eng ENG,MF,Manchester Utd,21-048,2004,4,0,124,1.4,0,0,0,0,0,0,0,0,0.0,0.0,0.1,0.1,0,5,2,0.00,0.00,0.00,0.00,0.00,0.00,0.05,0.05,0.00,0.05,Matches
98,Levi Colwill,eng ENG,DF,Chelsea,21-360,2003,23,23,2069,23.0,0,1,1,0,0,0,6,0,0.5,0.5,0.9,1.4,9,100,6,0.00,0.04,0.04,0.00,0.04,0.02,0.04,0.06,0.02,0.06,Matches
99,Lewis Cook,eng ENG,"MF,DF",Bournemouth,28-017,1997,24,22,2032,22.6,1,3,4,1,0,0,6,0,0.6,0.6,3.4,4.0,27,124,33,0.04,0.13,0.18,0.04,0.18,0.03,0.15,0.18,0.03,0.18,Matches
100,Maxwel Cornet,ci CIV,FW,Southampton,28-146,1996,2,1,72,0.8,0,0,0,0,0,0,1,0,0.2,0.2,0.0,0.2,1,0,5,0.00,0.00,0.00,0.00,0.00,0.20,0.00,0.20,0.20,0.20,Matches
Rk,Player,Nation,Pos,Squad,Age,Born,MP,Starts,Min,90s,Gls,Ast,G+A,G-PK,PK,PKatt,CrdY,CrdR,xG,npxG,xAG,npxG+xAG,PrgC,PrgP,PrgR,Gls,Ast,G+A,G-PK,G+A-PK,xG,xAG,xG+xAG,npxG,npxG+xAG,Matches
101,Vladimír Coufal,cz CZE,DF,West Ham,32-182,1992,15,8,736,8.2,0,0,0,0,0,0,2,0,0.2,0.2,0.6,0.8,11,28,21,0.00,0.00,0.00,0.00,0.00,0.02,0.08,0.10,0.02,0.10,Matches
102,Woyo Coulibaly,fr FRA,DF,Leicester City,25-276,1999,3,0,64,0.7,0,0,0,0,0,0,0,0,0.0,0.0,0.0,0.0,4,0,1,0.00,0.00,0.00,0.00,0.00,0.00,0.00,0.00,0.00,0.00,Matches
103,Aaron Cresswell,eng ENG,DF,West Ham,35-067,1989,10,3,296,3.3,0,0,0,0,0,0,2,0,0.1,0.1,0.2,0.4,3,13,2,0.00,0.00,0.00,0.00,0.00,0.03,0.07,0.11,0.03,0.11,Matches
104,Marc Cucurella,es ESP,DF,Chelsea,26-213,1998,23,21,1894,21.0,2,1,3,2,0,0,8,1,1.6,1.6,1.7,3.3,23,74,77,0.10,0.05,0.14,0.10,0.14,0.07,0.08,0.16,0.07,0.16,Matches
105,Jorge Cuenca,es ESP,DF,Fulham,25-095,1999,4,1,93,1.0,0,0,0,0,0,0,0,0,0.0,0.0,0.0,0.0,0,3,0,0.00,0.00,0.00,0.00,0.00,0.00,0.00,0.00,0.00,0.00,Matches
106,Matheus Cunha,br BRA,"MF,FW",Wolves,25-269,1999,24,22,1965,21.8,12,4,16,12,0,0,3,0,5.7,5.7,6.3,11.9,88,105,126,0.55,0.18,0.73,0.55,0.73,0.26,0.29,0.55,0.26,0.55,Matches
107,Patson Daka,zm ZAM,"FW,MF",Leicester City,26-134,1998,13,1,313,3.5,1,0,1,1,0,0,0,0,0.5,0.5,0.0,0.5,3,4,17,0.29,0.00,0.29,0.29,0.29,0.14,0.00,0.14,0.14,0.14,Matches
108,Diogo Dalot,pt POR,DF,Manchester Utd,25-339,1999,24,24,2126,23.6,0,1,1,0,0,0,4,0,1.8,1.8,1.4,3.2,43,80,120,0.00,0.04,0.04,0.00,0.04,0.07,0.06,0.13,0.07,0.13,Matches
109,Mikkel Damsgaard,dk DEN,"MF,FW",Brentford,24-232,2000,25,22,1882,20.9,2,7,9,2,0,0,2,0,2.1,2.1,6.2,8.3,52,156,84,0.10,0.33,0.43,0.10,0.43,0.10,0.30,0.40,0.10,0.40,Matches
110,Danilo,br BRA,MF,Nott'ham Forest,23-297,2001,3,3,140,1.6,0,0,0,0,0,0,0,0,0.0,0.0,0.0,0.0,1,6,0,0.00,0.00,0.00,0.00,0.00,0.00,0.00,0.00,0.00,0.00,Matches
111,Jayden Danns,eng ENG,MF,Liverpool,19-035,2006,1,0,11,0.1,0,0,0,0,0,0,0,0,0.0,0.0,0.0,0.0,0,0,0,0.00,0.00,0.00,0.00,0.00,0.00,0.00,0.00,0.00,0.00,Matches
112,Kevin Danso,at AUT,DF,Tottenham,26-154,1998,1,1,77,0.9,0,0,0,0,0,0,0,0,0.0,0.0,0.0,0.1,1,1,0,0.00,0.00,0.00,0.00,0.00,0.05,0.05,0.11,0.05,0.11,Matches
113,Ben Davies,wls WAL,DF,Tottenham,31-302,1993,8,7,631,7.0,0,0,0,0,0,0,2,0,0.2,0.2,0.1,0.2,5,28,4,0.00,0.00,0.00,0.00,0.00,0.02,0.01,0.03,0.02,0.03,Matches
114,Leif Davis,eng ENG,DF,Ipswich Town,25-039,2000,24,24,2112,23.5,1,2,3,1,0,0,5,0,0.8,0.8,3.5,4.3,39,44,99,0.04,0.09,0.13,0.04,0.13,0.04,0.15,0.18,0.04,0.18,Matches
115,Craig Dawson,eng ENG,DF,Wolves,34-290,1990,15,10,971,10.8,0,0,0,0,0,0,2,0,0.5,0.5,0.0,0.5,6,20,5,0.00,0.00,0.00,0.00,0.00,0.05,0.00,0.05,0.05,0.05,Matches
116,Kevin De Bruyne,be BEL,MF,Manchester City,33-237,1991,17,11,1011,11.2,2,6,8,2,0,0,2,0,2.5,2.5,6.0,8.5,35,106,99,0.18,0.53,0.71,0.18,0.71,0.22,0.54,0.76,0.22,0.76,Matches
117,Liam Delap,eng ENG,FW,Ipswich Town,22-012,2003,24,23,1843,20.5,10,2,12,8,2,2,7,0,7.5,5.9,1.8,7.7,44,20,75,0.49,0.10,0.59,0.39,0.49,0.37,0.09,0.45,0.29,0.38,Matches
118,Sepp van den Berg,nl NED,DF,Brentford,23-062,2001,21,20,1757,19.5,0,0,0,0,0,0,1,0,0.8,0.8,0.2,1.0,6,53,23,0.00,0.00,0.00,0.00,0.00,0.04,0.01,0.05,0.04,0.05,Matches
119,Justin Devenny,nir NIR,MF,Crystal Palace,21-132,2003,12,3,313,3.5,1,0,1,1,0,0,0,0,0.5,0.5,0.3,0.8,3,9,9,0.29,0.00,0.29,0.29,0.29,0.14,0.10,0.24,0.14,0.24,Matches
120,Kiernan Dewsbury-Hall,eng ENG,MF,Chelsea,26-167,1998,7,1,161,1.8,0,1,1,0,0,0,0,0,0.2,0.2,1.0,1.2,4,10,8,0.00,0.56,0.56,0.00,0.56,0.12,0.55,0.67,0.12,0.67,Matches
121,Amad Diallo,ci CIV,"FW,MF",Manchester Utd,22-224,2002,22,17,1594,17.7,6,6,12,6,0,0,3,0,4.1,4.1,3.9,8.0,92,53,159,0.34,0.34,0.68,0.34,0.68,0.23,0.22,0.45,0.23,0.45,Matches
122,Rúben Dias,pt POR,DF,Manchester City,27-282,1997,14,13,1177,13.1,0,0,0,0,0,0,3,0,1.1,1.1,0.3,1.3,19,78,5,0.00,0.00,0.00,0.00,0.00,0.08,0.02,0.10,0.08,0.10,Matches
123,Luis Díaz,co COL,FW,Liverpool,28-038,1997,25,19,1596,17.7,9,2,11,9,0,0,2,0,7.0,7.0,2.1,9.1,65,74,172,0.51,0.11,0.62,0.51,0.62,0.39,0.12,0.51,0.39,0.51,Matches
124,Tyler Dibling,eng ENG,"FW,MF",Southampton,18-345,2006,21,14,1265,14.1,2,0,2,2,0,0,6,0,2.1,2.1,1.3,3.4,53,43,70,0.14,0.00,0.14,0.14,0.14,0.15,0.09,0.24,0.15,0.24,Matches
125,Lucas Digne,fr FRA,DF,Aston Villa,31-215,1993,26,23,1894,21.0,0,4,4,0,0,0,3,0,0.8,0.8,3.8,4.6,19,47,121,0.00,0.19,0.19,0.00,0.19,0.04,0.18,0.22,0.04,0.22,Matches
Rk,Player,Nation,Pos,Squad,Age,Born,MP,Starts,Min,90s,Gls,Ast,G+A,G-PK,PK,PKatt,CrdY,CrdR,xG,npxG,xAG,npxG+xAG,PrgC,PrgP,PrgR,Gls,Ast,G+A,G-PK,G+A-PK,xG,xAG,xG+xAG,npxG,npxG+xAG,Matches
126,Issa Diop,fr FRA,DF,Fulham,28-042,1997,17,12,1072,11.9,0,0,0,0,0,0,2,0,0.5,0.5,0.1,0.6,4,23,1,0.00,0.00,0.00,0.00,0.00,0.04,0.01,0.05,0.04,0.05,Matches
127,Axel Disasi,fr FRA,DF,Aston Villa,26-346,1998,2,2,180,2.0,0,0,0,0,0,0,1,0,0.0,0.0,0.3,0.3,5,7,4,0.00,0.00,0.00,0.00,0.00,0.00,0.16,0.16,0.00,0.16,Matches
128,Axel Disasi,fr FRA,DF,Chelsea,26-346,1998,6,4,364,4.0,1,0,1,1,0,0,1,0,0.3,0.3,0.1,0.4,6,16,2,0.25,0.00,0.25,0.25,0.25,0.07,0.02,0.09,0.07,0.09,Matches
129,Roman Dixon,eng ENG,DF,Everton,20-056,2004,1,1,90,1.0,0,0,0,0,0,0,0,0,0.0,0.0,0.0,0.0,0,0,1,0.00,0.00,0.00,0.00,0.00,0.00,0.00,0.00,0.00,0.00,Matches
130,Matt Doherty,ie IRL,DF,Wolves,33-035,1992,18,14,1250,13.9,2,1,3,2,0,0,4,0,0.9,0.9,1.4,2.3,17,51,32,0.14,0.07,0.22,0.14,0.22,0.07,0.10,0.17,0.07,0.17,Matches
131,Jeremy Doku,be BEL,"FW,MF",Manchester City,22-269,2002,16,9,804,8.9,3,4,7,3,0,0,0,0,0.8,0.8,2.3,3.1,106,37,147,0.34,0.45,0.78,0.34,0.78,0.08,0.26,0.34,0.08,0.34,Matches
132,Nicolás Domínguez,ar ARG,"MF,FW",Nott'ham Forest,26-237,1998,21,12,1124,12.5,0,0,0,0,0,0,6,0,1.2,1.2,0.7,1.9,9,46,16,0.00,0.00,0.00,0.00,0.00,0.10,0.05,0.15,0.10,0.15,Matches
133,Patrick Dorgu,dk DEN,DF,Manchester Utd,20-117,2004,1,1,90,1.0,0,0,0,0,0,0,1,0,0.0,0.0,0.0,0.1,4,4,8,0.00,0.00,0.00,0.00,0.00,0.03,0.05,0.08,0.03,0.08,Matches
134,Alfie Dorrington,eng ENG,DF,Tottenham,19-306,2005,1,0,14,0.2,0,0,0,0,0,0,0,0,0.0,0.0,0.0,0.0,0,0,0,0.00,0.00,0.00,0.00,0.00,0.00,0.00,0.00,0.00,0.00,Matches
135,Abdoulaye Doucouré,ml MLI,MF,Everton,32-050,1993,22,21,1771,19.7,1,0,1,1,0,0,4,1,1.8,1.8,1.2,3.0,29,59,64,0.05,0.00,0.05,0.05,0.05,0.09,0.06,0.15,0.09,0.15,Matches
136,Cheick Doucouré,ml MLI,MF,Crystal Palace,25-043,2000,13,4,452,5.0,0,0,0,0,0,0,1,0,0.4,0.4,0.0,0.4,2,19,7,0.00,0.00,0.00,0.00,0.00,0.08,0.00,0.08,0.08,0.08,Matches
137,Flynn Downes,eng ENG,MF,Southampton,26-031,1999,18,17,1432,15.9,1,0,1,1,0,0,9,0,0.6,0.6,0.9,1.5,18,50,23,0.06,0.00,0.06,0.06,0.06,0.04,0.06,0.09,0.04,0.09,Matches
138,Tommy Doyle,eng ENG,MF,Wolves,23-126,2001,20,3,470,5.2,0,1,1,0,0,0,1,0,0.6,0.6,0.5,1.1,6,39,2,0.00,0.19,0.19,0.00,0.19,0.11,0.10,0.20,0.11,0.20,Matches
139,Radu Drăgușin,ro ROU,DF,Tottenham,23-017,2002,16,14,1252,13.9,0,0,0,0,0,0,1,0,0.1,0.1,0.4,0.5,7,37,2,0.00,0.00,0.00,0.00,0.00,0.01,0.03,0.04,0.01,0.04,Matches
140,Martin Dúbravka,sk SVK,GK,Newcastle Utd,36-036,1989,10,10,900,10.0,0,0,0,0,0,0,0,0,0.0,0.0,0.0,0.0,0,0,0,0.00,0.00,0.00,0.00,0.00,0.00,0.00,0.00,0.00,0.00,Matches
141,Lewis Dunk,eng ENG,DF,Brighton,33-091,1991,19,17,1562,17.4,0,0,0,0,0,0,4,0,0.7,0.7,0.5,1.2,17,111,2,0.00,0.00,0.00,0.00,0.00,0.04,0.03,0.07,0.04,0.07,Matches
142,Jáder Durán,co COL,FW,Aston Villa,21-069,2003,20,4,638,7.1,7,0,7,7,0,0,3,1,4.9,4.9,0.2,5.1,7,13,44,0.99,0.00,0.99,0.99,0.99,0.69,0.03,0.71,0.69,0.71,Matches
143,Ederson,br BRA,GK,Manchester City,31-187,1993,16,16,1440,16.0,0,3,3,0,0,0,3,0,0.0,0.0,0.8,0.8,0,1,0,0.00,0.19,0.19,0.00,0.19,0.00,0.05,0.05,0.00,0.05,Matches
144,George Edmundson,eng ENG,DF,Ipswich Town,27-173,1997,1,0,2,0.0,0,0,0,0,0,0,0,0,0.0,0.0,0.0,0.0,0,0,0,0.00,0.00,0.00,0.00,0.00,0.00,0.00,0.00,0.00,0.00,Matches
145,Odsonne Édouard,fr FRA,"MF,FW",Crystal Palace,27-035,1998,2,1,115,1.3,0,0,0,0,0,0,0,0,0.4,0.4,0.0,0.4,2,4,7,0.00,0.00,0.00,0.00,0.00,0.31,0.04,0.34,0.31,0.34,Matches
146,Odsonne Édouard,fr FRA,FW,Leicester City,27-035,1998,4,0,29,0.3,0,0,0,0,0,0,0,0,0.0,0.0,0.0,0.0,0,1,2,0.00,0.00,0.00,0.00,0.00,0.00,0.13,0.13,0.00,0.13,Matches
147,Samuel Edozie,eng ENG,"DF,FW",Southampton,22-023,2003,2,0,65,0.7,0,0,0,0,0,0,1,0,0.0,0.0,0.1,0.1,6,4,23,0.00,0.00,0.00,0.00,0.00,0.00,0.14,0.14,0.00,0.14,Matches
148,Ronnie Edwards,eng ENG,DF,Southampton,21-329,2003,1,0,12,0.1,0,0,0,0,0,0,0,0,0.0,0.0,0.0,0.0,0,0,0,0.00,0.00,0.00,0.00,0.00,0.00,0.00,0.00,0.00,0.00,Matches
149,Anthony Elanga,se SWE,"FW,MF",Nott'ham Forest,22-299,2002,25,19,1549,17.2,3,8,11,3,0,0,1,0,2.6,2.6,4.0,6.6,62,34,125,0.17,0.46,0.64,0.17,0.64,0.15,0.23,0.38,0.15,0.38,Matches
150,Harvey Elliott,eng ENG,"MF,FW",Liverpool,21-322,2003,9,0,82,0.9,0,1,1,0,0,0,0,0,0.1,0.1,0.8,0.8,3,11,8,0.00,1.10,1.10,0.00,1.10,0.07,0.84,0.91,0.07,0.91,Matches
Rk,Player,Nation,Pos,Squad,Age,Born,MP,Starts,Min,90s,Gls,Ast,G+A,G-PK,PK,PKatt,CrdY,CrdR,xG,npxG,xAG,npxG+xAG,PrgC,PrgP,PrgR,Gls,Ast,G+A,G-PK,G+A-PK,xG,xAG,xG+xAG,npxG,npxG+xAG,Matches
151,Yunus Emre Konak,tr TUR,"MF,FW",Brentford,19-041,2006,5,0,21,0.2,0,0,0,0,0,0,0,0,0.2,0.2,0.0,0.2,1,2,1,0.00,0.00,0.00,0.00,0.00,0.66,0.00,0.66,0.66,0.66,Matches
152,Julio Enciso,py PAR,"MF,FW",Ipswich Town,21-028,2004,3,2,116,1.3,0,1,1,0,0,0,1,0,0.4,0.4,0.3,0.7,4,9,8,0.00,0.78,0.78,0.00,0.78,0.33,0.20,0.53,0.33,0.53,Matches
153,Julio Enciso,py PAR,"MF,FW",Brighton,21-028,2004,12,2,294,3.3,0,0,0,0,0,0,0,0,1.0,1.0,0.2,1.2,11,14,17,0.00,0.00,0.00,0.00,0.00,0.31,0.07,0.38,0.31,0.38,Matches
154,Wataru Endo,jp JPN,MF,Liverpool,32-011,1993,11,0,106,1.2,0,0,0,0,0,0,0,0,0.0,0.0,0.0,0.0,0,7,1,0.00,0.00,0.00,0.00,0.00,0.00,0.02,0.02,0.00,0.02,Matches
155,Christian Eriksen,dk DEN,MF,Manchester Utd,33-006,1992,13,7,637,7.1,0,1,1,0,0,0,2,0,0.1,0.1,2.1,2.2,5,34,19,0.00,0.14,0.14,0.00,0.14,0.02,0.29,0.30,0.02,0.30,Matches
156,Romain Esse,eng ENG,MF,Crystal Palace,19-283,2005,1,0,7,0.1,1,0,1,1,0,0,0,0,0.3,0.3,0.0,0.3,0,1,2,12.86,0.00,12.86,12.86,12.86,3.61,0.00,3.61,3.61,3.61,Matches
157,Pervis Estupiñán,ec ECU,DF,Brighton,27-030,1998,18,15,1417,15.7,0,1,1,0,0,0,3,0,0.6,0.6,1.8,2.4,39,71,76,0.00,0.06,0.06,0.00,0.06,0.04,0.11,0.15,0.04,0.15,Matches
158,Evanilson,br BRA,FW,Bournemouth,25-137,1999,19,17,1370,15.2,5,0,5,5,0,1,0,0,6.6,5.8,1.1,6.9,19,13,61,0.33,0.00,0.33,0.33,0.33,0.43,0.07,0.51,0.38,0.45,Matches
159,Jonny Evans,nir NIR,DF,Manchester Utd,37-048,1988,6,3,290,3.2,0,0,0,0,0,0,1,0,0.1,0.1,0.0,0.1,1,8,2,0.00,0.00,0.00,0.00,0.00,0.03,0.00,0.03,0.03,0.03,Matches
160,Eberechi Eze,eng ENG,"MF,FW",Crystal Palace,26-236,1998,21,19,1656,18.4,2,5,7,2,0,0,1,0,5.1,5.1,3.6,8.7,48,72,111,0.11,0.27,0.38,0.11,0.38,0.28,0.20,0.47,0.28,0.47,Matches
161,Łukasz Fabiański,pl POL,GK,West Ham,39-308,1985,13,12,1070,11.9,0,0,0,0,0,0,2,0,0.0,0.0,0.0,0.0,0,0,0,0.00,0.00,0.00,0.00,0.00,0.00,0.00,0.00,0.00,0.00,Matches
162,Wout Faes,be BEL,DF,Leicester City,26-323,1998,22,18,1735,19.3,1,0,1,1,0,0,3,0,1.1,1.1,0.1,1.2,8,58,1,0.05,0.00,0.05,0.05,0.05,0.06,0.00,0.06,0.06,0.06,Matches
163,Abdul Fatawu Issahaku,gh GHA,FW,Leicester City,20-349,2004,11,6,579,6.4,0,2,2,0,0,0,0,0,0.4,0.4,1.6,2.0,42,17,60,0.00,0.31,0.31,0.00,0.31,0.06,0.24,0.31,0.06,0.31,Matches
164,João Félix,pt POR,"FW,MF",Chelsea,25-102,1999,12,3,369,4.1,1,1,2,1,0,0,2,0,2.2,2.2,1.0,3.2,21,26,29,0.24,0.24,0.49,0.24,0.49,0.54,0.23,0.78,0.54,0.78,Matches
165,Evan Ferguson,ie IRL,FW,West Ham,20-124,2004,1,0,45,0.5,0,0,0,0,0,0,0,0,0.1,0.1,0.2,0.3,1,0,2,0.00,0.00,0.00,0.00,0.00,0.24,0.46,0.70,0.24,0.70,Matches
166,Evan Ferguson,ie IRL,FW,Brighton,20-124,2004,13,2,246,2.7,1,0,1,1,0,0,0,0,0.5,0.5,0.4,1.0,2,1,9,0.37,0.00,0.37,0.37,0.37,0.20,0.15,0.35,0.20,0.35,Matches
167,Bruno Fernandes,pt POR,MF,Manchester Utd,30-165,1994,24,24,2015,22.4,5,6,11,2,3,3,4,2,7.8,5.5,5.3,10.8,52,197,102,0.22,0.27,0.49,0.09,0.36,0.35,0.24,0.59,0.24,0.48,Matches
168,Mateus Fernandes,pt POR,MF,Southampton,20-225,2004,23,21,1829,20.3,1,2,3,1,0,0,7,0,3.1,3.1,2.0,5.0,56,94,67,0.05,0.10,0.15,0.05,0.15,0.15,0.10,0.25,0.15,0.25,Matches
169,Enzo Fernández,ar ARG,MF,Chelsea,24-034,2001,23,19,1782,19.8,3,4,7,3,0,0,5,0,2.9,2.9,3.8,6.7,27,134,68,0.15,0.20,0.35,0.15,0.35,0.15,0.19,0.34,0.15,0.34,Matches
170,Mark Flekken,nl NED,GK,Brentford,31-252,1993,24,24,2105,23.4,0,1,1,0,0,0,1,0,0.0,0.0,0.2,0.2,0,0,0,0.00,0.04,0.04,0.00,0.04,0.00,0.01,0.01,0.00,0.01,Matches
171,Phil Foden,eng ENG,"MF,FW",Manchester City,24-268,2000,20,16,1439,16.0,7,2,9,7,0,0,2,0,4.6,4.6,4.4,9.0,41,85,103,0.44,0.13,0.56,0.44,0.56,0.29,0.28,0.57,0.29,0.57,Matches
172,Wesley Fofana,fr FRA,DF,Chelsea,24-065,2000,12,12,1015,11.3,0,0,0,0,0,0,6,0,0.4,0.4,0.4,0.8,14,25,4,0.00,0.00,0.00,0.00,0.00,0.04,0.04,0.07,0.04,0.07,Matches
173,Carlos Forbs,pt POR,"MF,FW",Wolves,20-338,2004,9,1,237,2.6,0,0,0,0,0,0,2,0,0.1,0.1,0.0,0.2,9,8,28,0.00,0.00,0.00,0.00,0.00,0.05,0.01,0.07,0.05,0.07,Matches
174,Fraser Forster,eng ENG,GK,Tottenham,36-340,1988,7,7,630,7.0,0,0,0,0,0,0,0,0,0.0,0.0,0.0,0.0,0,0,0,0.00,0.00,0.00,0.00,0.00,0.00,0.00,0.00,0.00,0.00,Matches
175,Ryan Fraser,sct SCO,"FW,DF",Southampton,30-362,1994,8,4,306,3.4,0,0,0,0,0,0,0,1,0.0,0.0,0.1,0.1,10,8,18,0.00,0.00,0.00,0.00,0.00,0.01,0.03,0.04,0.01,0.04,Matches
Rk,Player,Nation,Pos,Squad,Age,Born,MP,Starts,Min,90s,Gls,Ast,G+A,G-PK,PK,PKatt,CrdY,CrdR,xG,npxG,xAG,npxG+xAG,PrgC,PrgP,PrgR,Gls,Ast,G+A,G-PK,G+A-PK,xG,xAG,xG+xAG,npxG,npxG+xAG,Matches
176,Niclas Füllkrug,de GER,FW,West Ham,32-011,1993,9,3,370,4.1,2,1,3,2,0,0,1,0,1.4,1.4,1.0,2.4,3,4,8,0.49,0.24,0.73,0.49,0.73,0.35,0.24,0.59,0.35,0.59,Matches
177,Cody Gakpo,nl NED,FW,Liverpool,25-289,1999,24,16,1370,15.2,8,3,11,8,0,0,4,0,5.5,5.5,3.5,8.9,38,43,207,0.53,0.20,0.72,0.53,0.72,0.36,0.23,0.59,0.36,0.59,Matches
178,Idrissa Gana Gueye,sn SEN,MF,Everton,35-147,1989,24,22,1923,21.4,0,2,2,0,0,0,5,0,0.9,0.9,1.2,2.1,16,93,16,0.00,0.09,0.09,0.00,0.09,0.04,0.05,0.10,0.04,0.10,Matches
179,Andrés García,es ESP,DF,Aston Villa,22-013,2003,3,3,201,2.2,0,0,0,0,0,0,0,0,0.0,0.0,0.0,0.0,19,8,16,0.00,0.00,0.00,0.00,0.00,0.02,0.00,0.02,0.02,0.02,Matches
180,Alejandro Garnacho,ar ARG,"FW,MF",Manchester Utd,20-234,2004,24,14,1411,15.7,3,1,4,3,0,0,1,0,5.4,5.4,2.5,7.9,81,30,192,0.19,0.06,0.26,0.19,0.26,0.35,0.16,0.51,0.35,0.51,Matches
181,James Garner,eng ENG,"MF,DF",Everton,23-344,2001,8,5,524,5.8,0,1,1,0,0,0,2,0,0.1,0.1,0.7,0.8,2,11,8,0.00,0.17,0.17,0.00,0.17,0.01,0.13,0.14,0.01,0.14,Matches
182,Tyrique George,eng ENG,FW,Chelsea,19-016,2006,2,0,33,0.4,0,0,0,0,0,0,1,0,0.1,0.1,0.0,0.1,3,0,7,0.00,0.00,0.00,0.00,0.00,0.16,0.00,0.16,0.16,0.16,Matches
183,Morgan Gibbs-White,eng ENG,MF,Nott'ham Forest,25-024,2000,21,21,1660,18.4,5,5,10,5,0,0,7,1,3.3,3.3,3.5,6.8,49,102,82,0.27,0.27,0.54,0.27,0.54,0.18,0.19,0.37,0.18,0.37,Matches
184,Billy Gilmour,sct SCO,MF,Brighton,23-254,2001,2,1,98,1.1,0,0,0,0,0,0,0,0,0.1,0.1,0.0,0.1,2,11,2,0.00,0.00,0.00,0.00,0.00,0.07,0.00,0.07,0.07,0.07,Matches
185,Ben Godfrey,eng ENG,DF,Ipswich Town,27-036,1998,1,1,63,0.7,0,0,0,0,0,0,0,0,0.0,0.0,0.0,0.0,1,3,0,0.00,0.00,0.00,0.00,0.00,0.00,0.00,0.00,0.00,0.00,Matches
186,Martial Godo,eng ENG,FW,Fulham,21-343,2003,1,0,16,0.2,0,0,0,0,0,0,0,0,0.0,0.0,0.0,0.0,0,0,3,0.00,0.00,0.00,0.00,0.00,0.00,0.00,0.00,0.00,0.00,Matches
187,João Gomes,br BRA,MF,Wolves,24-008,2001,23,23,1934,21.5,2,1,3,2,0,0,8,1,1.8,1.8,0.9,2.6,36,113,47,0.09,0.05,0.14,0.09,0.14,0.08,0.04,0.12,0.08,0.12,Matches
188,Rodrigo Gomes,pt POR,"DF,FW",Wolves,21-228,2003,17,6,569,6.3,1,0,1,1,0,0,0,0,0.4,0.4,0.7,1.1,17,22,57,0.16,0.00,0.16,0.16,0.16,0.06,0.11,0.17,0.06,0.17,Matches
189,Toti Gomes,pt POR,DF,Wolves,26-035,1999,18,17,1444,16.0,0,1,1,0,0,0,4,0,0.0,0.0,0.6,0.7,10,39,7,0.00,0.06,0.06,0.00,0.06,0.00,0.04,0.04,0.00,0.04,Matches
190,Diego Gómez,py PAR,MF,Brighton,21-330,2003,3,0,63,0.7,0,0,0,0,0,0,0,0,0.0,0.0,0.0,0.0,0,2,0,0.00,0.00,0.00,0.00,0.00,0.00,0.00,0.00,0.00,0.00,Matches
191,Joe Gomez,eng ENG,DF,Liverpool,27-273,1997,9,6,519,5.8,0,0,0,0,0,0,1,0,0.3,0.3,0.1,0.4,5,35,2,0.00,0.00,0.00,0.00,0.00,0.06,0.02,0.08,0.06,0.08,Matches
192,Nicolás González,es ESP,MF,Manchester City,23-048,2002,1,1,90,1.0,0,0,0,0,0,0,0,0,0.0,0.0,0.0,0.0,1,6,3,0.00,0.00,0.00,0.00,0.00,0.00,0.00,0.00,0.00,0.00,Matches
193,Anthony Gordon,eng ENG,FW,Newcastle Utd,23-362,2001,24,23,1928,21.4,6,5,11,5,1,2,2,0,7.4,5.8,4.9,10.7,98,75,179,0.28,0.23,0.51,0.23,0.47,0.34,0.23,0.57,0.27,0.50,Matches
194,Ryan Gravenberch,nl NED,MF,Liverpool,22-280,2002,26,26,2225,24.7,0,2,2,0,0,0,5,0,0.9,0.9,2.7,3.6,50,130,39,0.00,0.08,0.08,0.00,0.08,0.03,0.11,0.14,0.03,0.14,Matches
195,Archie Gray,eng ENG,DF,Tottenham,18-345,2006,18,10,975,10.8,0,0,0,0,0,0,0,0,0.0,0.0,0.0,0.0,3,25,7,0.00,0.00,0.00,0.00,0.00,0.00,0.00,0.00,0.00,0.00,Matches
196,Jack Grealish,eng ENG,"FW,MF",Manchester City,29-163,1995,15,6,608,6.8,0,1,1,0,0,0,3,0,0.8,0.8,1.7,2.4,66,43,111,0.00,0.15,0.15,0.00,0.15,0.12,0.25,0.36,0.12,0.36,Matches
197,Jacob Greaves,eng ENG,DF,Ipswich Town,24-161,2000,15,15,1350,15.0,1,0,1,1,0,0,3,0,0.7,0.7,0.0,0.7,2,32,4,0.07,0.00,0.07,0.07,0.07,0.05,0.00,0.05,0.05,0.05,Matches
198,Brajan Gruda,de GER,"FW,MF",Brighton,20-265,2004,11,5,367,4.1,0,0,0,0,0,0,0,0,0.3,0.3,0.5,0.8,14,13,39,0.00,0.00,0.00,0.00,0.00,0.07,0.13,0.21,0.07,0.21,Matches
199,Albert Grønbaek,dk DEN,MF,Southampton,23-273,2001,1,1,69,0.8,0,0,0,0,0,0,0,0,0.1,0.1,0.0,0.1,1,0,1,0.00,0.00,0.00,0.00,0.00,0.15,0.00,0.15,0.15,0.15,Matches
200,Gonçalo Guedes,pt POR,"MF,FW",Wolves,28-083,1996,22,7,740,8.2,2,4,6,2,0,0,1,0,2.2,2.2,1.1,3.3,28,28,54,0.24,0.49,0.73,0.24,0.73,0.26,0.13,0.40,0.26,0.40,Matches
Rk,Player,Nation,Pos,Squad,Age,Born,MP,Starts,Min,90s,Gls,Ast,G+A,G-PK,PK,PKatt,CrdY,CrdR,xG,npxG,xAG,npxG+xAG,PrgC,PrgP,PrgR,Gls,Ast,G+A,G-PK,G+A-PK,xG,xAG,xG+xAG,npxG,npxG+xAG,Matches
201,Marc Guéhi,eng ENG,DF,Crystal Palace,24-222,2000,24,24,2160,24.0,3,2,5,3,0,0,5,0,1.6,1.6,1.1,2.6,12,100,7,0.12,0.08,0.21,0.12,0.21,0.07,0.04,0.11,0.07,0.11,Matches
202,Luis Guilherme,br BRA,"MF,FW",West Ham,19-011,2006,7,0,57,0.6,0,0,0,0,0,0,0,0,0.0,0.0,0.0,0.1,1,2,6,0.00,0.00,0.00,0.00,0.00,0.05,0.08,0.13,0.05,0.13,Matches
203,Bruno Guimarães,br BRA,MF,Newcastle Utd,27-096,1997,25,25,2159,24.0,2,6,8,2,0,0,4,0,2.2,2.2,5.1,7.3,32,182,58,0.08,0.25,0.33,0.08,0.33,0.09,0.21,0.31,0.09,0.31,Matches
204,Marc Guiu,es ESP,FW,Chelsea,19-047,2006,3,0,73,0.8,0,0,0,0,0,0,0,0,0.0,0.0,0.0,0.0,0,0,3,0.00,0.00,0.00,0.00,0.00,0.00,0.04,0.04,0.00,0.04,Matches
205,İlkay Gündoğan,de GER,MF,Manchester City,34-119,1990,22,16,1430,15.9,0,2,2,0,0,0,1,0,1.6,1.6,2.0,3.7,38,95,59,0.00,0.13,0.13,0.00,0.13,0.10,0.13,0.23,0.10,0.23,Matches
206,Malo Gusto,fr FRA,DF,Chelsea,21-277,2003,21,15,1366,15.2,0,1,1,0,0,0,3,0,1.5,1.5,1.0,2.5,34,79,67,0.00,0.07,0.07,0.00,0.07,0.10,0.06,0.16,0.10,0.16,Matches
207,Joško Gvardiol,hr CRO,DF,Manchester City,23-028,2002,24,23,2108,23.4,5,0,5,5,0,0,1,0,4.2,3.8,1.6,5.4,57,165,87,0.21,0.00,0.21,0.21,0.21,0.18,0.07,0.25,0.16,0.23,Matches
208,Erling Haaland,no NOR,FW,Manchester City,24-214,2000,25,25,2210,24.6,19,3,22,18,1,2,2,0,18.3,16.8,2.7,19.5,17,16,98,0.77,0.12,0.90,0.73,0.86,0.75,0.11,0.86,0.68,0.79,Matches
209,Lewis Hall,eng ENG,DF,Newcastle Utd,20-165,2004,25,22,2009,22.3,0,3,3,0,0,0,3,0,0.4,0.4,4.0,4.5,37,114,72,0.00,0.13,0.13,0.00,0.13,0.02,0.18,0.20,0.02,0.20,Matches
210,Ali Al Hamadi,iq IRQ,FW,Ipswich Town,22-356,2002,11,0,134,1.5,0,0,0,0,0,0,3,0,0.4,0.4,0.1,0.4,4,3,14,0.00,0.00,0.00,0.00,0.00,0.24,0.05,0.28,0.24,0.28,Matches
211,Marcus Harness,eng ENG,MF,Ipswich Town,28-362,1996,2,0,45,0.5,0,0,0,0,0,0,0,0,0.0,0.0,0.0,0.0,0,2,1,0.00,0.00,0.00,0.00,0.00,0.00,0.00,0.00,0.00,0.00,Matches
212,Jack Harrison,eng ENG,FW,Everton,28-092,1996,21,13,1156,12.8,0,0,0,0,0,0,0,0,2.4,2.4,2.1,4.4,29,28,69,0.00,0.00,0.00,0.00,0.00,0.18,0.16,0.34,0.18,0.34,Matches
213,Taylor Harwood-Bellis,eng ENG,DF,Southampton,23-021,2002,23,22,1895,21.1,1,0,1,1,0,0,7,0,1.6,1.6,0.8,2.3,19,92,7,0.05,0.00,0.05,0.05,0.05,0.07,0.04,0.11,0.07,0.11,Matches
214,Kai Havertz,de GER,"FW,MF",Arsenal,25-254,1999,21,21,1839,20.4,9,3,12,9,0,0,4,0,9.4,9.4,2.4,11.8,34,59,110,0.44,0.15,0.59,0.44,0.59,0.46,0.12,0.58,0.46,0.58,Matches
215,Jan Paul van Hecke,nl NED,DF,Brighton,24-257,2000,23,22,1970,21.9,0,1,1,0,0,0,4,0,0.8,0.8,1.0,1.7,39,168,5,0.00,0.05,0.05,0.00,0.05,0.03,0.04,0.08,0.03,0.08,Matches
216,Hwang Hee-chan,kr KOR,"MF,FW",Wolves,29-025,1996,17,5,620,6.9,2,0,2,2,0,0,0,0,0.8,0.8,0.1,0.9,14,11,38,0.29,0.00,0.29,0.29,0.29,0.12,0.02,0.13,0.12,0.13,Matches
217,Dean Henderson,eng ENG,GK,Crystal Palace,27-345,1997,25,25,2250,25.0,0,0,0,0,0,0,3,0,0.0,0.0,0.0,0.0,0,0,0,0.00,0.00,0.00,0.00,0.00,0.00,0.00,0.00,0.00,0.00,Matches
218,Rico Henry,eng ENG,DF,Brentford,27-227,1997,1,0,4,0.0,0,0,0,0,0,0,0,0,0.0,0.0,0.0,0.0,0,0,1,0.00,0.00,0.00,0.00,0.00,0.00,0.00,0.00,0.00,0.00,Matches
219,Mads Hermansen,dk DEN,GK,Leicester City,24-224,2000,18,18,1575,17.5,0,0,0,0,0,0,0,0,0.0,0.0,0.0,0.0,0,1,0,0.00,0.00,0.00,0.00,0.00,0.00,0.00,0.00,0.00,0.00,Matches
220,Son Heung-min,kr KOR,FW,Tottenham,32-227,1992,22,20,1671,18.6,6,7,13,6,0,1,1,0,5.2,4.4,6.5,10.9,71,87,209,0.32,0.38,0.70,0.32,0.70,0.28,0.35,0.63,0.24,0.59,Matches
221,James Hill,eng ENG,"DF,MF",Bournemouth,23-041,2002,5,3,179,2.0,0,1,1,0,0,0,0,0,0.0,0.0,0.2,0.3,0,9,5,0.00,0.50,0.50,0.00,0.50,0.00,0.13,0.13,0.00,0.13,Matches
222,Jack Hinshelwood,eng ENG,"MF,DF",Brighton,19-315,2005,13,12,974,10.8,1,0,1,1,0,0,3,0,0.8,0.8,0.3,1.1,10,39,28,0.09,0.00,0.09,0.09,0.09,0.07,0.03,0.10,0.07,0.10,Matches
223,George Hirst,eng ENG,FW,Ipswich Town,26-005,1999,13,1,230,2.6,1,1,2,1,0,0,1,0,1.0,1.0,0.3,1.2,3,9,17,0.39,0.39,0.78,0.39,0.78,0.38,0.10,0.48,0.38,0.48,Matches
224,Mason Holgate,eng ENG,"FW,DF",Everton,28-121,1996,1,0,6,0.1,0,0,0,0,0,0,0,0,0.0,0.0,0.0,0.0,0,0,0,0.00,0.00,0.00,0.00,0.00,0.00,0.00,0.00,0.00,0.00,Matches
225,Callum Hudson-Odoi,eng ENG,"FW,MF",Nott'ham Forest,24-105,2000,21,18,1548,17.2,3,2,5,3,0,0,1,0,2.0,2.0,2.0,4.0,95,49,140,0.17,0.12,0.29,0.17,0.29,0.12,0.12,0.23,0.12,0.23,Matches
Rk,Player,Nation,Pos,Squad,Age,Born,MP,Starts,Min,90s,Gls,Ast,G+A,G-PK,PK,PKatt,CrdY,CrdR,xG,npxG,xAG,npxG+xAG,PrgC,PrgP,PrgR,Gls,Ast,G+A,G-PK,G+A-PK,xG,xAG,xG+xAG,npxG,npxG+xAG,Matches
226,Will Hughes,eng ENG,MF,Crystal Palace,29-309,1995,22,17,1495,16.6,0,3,3,0,0,0,8,0,0.8,0.8,1.9,2.7,17,70,24,0.00,0.18,0.18,0.00,0.18,0.05,0.11,0.16,0.05,0.16,Matches
227,Dean Huijsen,es ESP,DF,Bournemouth,19-312,2005,19,14,1334,14.8,2,0,2,2,0,0,5,0,1.5,1.5,0.8,2.3,23,64,3,0.13,0.00,0.13,0.13,0.13,0.10,0.06,0.16,0.10,0.16,Matches
228,Omari Hutchinson,eng ENG,"MF,FW",Ipswich Town,21-113,2003,23,23,1954,21.7,2,2,4,2,0,0,5,0,1.8,1.8,2.3,4.0,60,53,106,0.09,0.09,0.18,0.09,0.18,0.08,0.11,0.19,0.08,0.19,Matches
229,Rasmus Højlund,dk DEN,FW,Manchester Utd,22-016,2003,20,14,1200,13.3,2,0,2,2,0,0,1,0,2.5,2.5,1.1,3.6,19,13,61,0.15,0.00,0.15,0.15,0.15,0.19,0.08,0.27,0.19,0.27,Matches
230,Igor,br BRA,DF,Brighton,27-013,1998,12,9,903,10.0,0,0,0,0,0,0,4,0,0.0,0.0,0.2,0.2,9,44,0,0.00,0.00,0.00,0.00,0.00,0.00,0.02,0.02,0.00,0.02,Matches
231,Danny Ings,eng ENG,"FW,MF",West Ham,32-212,1992,14,1,277,3.1,1,2,3,1,0,0,0,0,2.3,2.3,1.3,3.5,6,5,26,0.32,0.65,0.97,0.32,0.97,0.74,0.42,1.15,0.74,1.15,Matches
232,Tim Iroegbunam,eng ENG,MF,Everton,21-235,2003,9,4,411,4.6,0,1,1,0,0,0,2,0,0.2,0.2,0.2,0.4,5,11,9,0.00,0.22,0.22,0.00,0.22,0.05,0.04,0.09,0.05,0.09,Matches
233,Andy Irving,sct SCO,MF,West Ham,24-283,2000,9,1,165,1.8,0,0,0,0,0,0,2,0,0.1,0.1,0.2,0.4,0,9,4,0.00,0.00,0.00,0.00,0.00,0.07,0.13,0.19,0.07,0.19,Matches
234,Alexander Isak,se SWE,FW,Newcastle Utd,25-152,1999,23,23,1888,21.0,17,5,22,16,1,1,1,0,14.2,13.4,3.8,17.2,62,59,146,0.81,0.24,1.05,0.76,1.00,0.68,0.18,0.86,0.64,0.82,Matches
235,Alex Iwobi,ng NGA,"FW,MF",Fulham,28-293,1996,25,25,2105,23.4,7,3,10,7,0,0,1,0,3.6,3.6,5.0,8.6,105,155,173,0.30,0.13,0.43,0.30,0.43,0.15,0.21,0.37,0.15,0.37,Matches
236,Nicolas Jackson,sn SEN,FW,Chelsea,23-245,2001,23,22,1736,19.3,9,5,14,9,0,0,5,0,11.4,11.4,4.0,15.4,41,27,94,0.47,0.26,0.73,0.47,0.73,0.59,0.21,0.80,0.59,0.80,Matches
237,Reece James,eng ENG,DF,Chelsea,25-074,1999,9,6,510,5.7,1,0,1,1,0,0,1,0,0.1,0.1,0.3,0.4,4,34,5,0.18,0.00,0.18,0.18,0.18,0.02,0.05,0.07,0.02,0.07,Matches
238,Vitaly Janelt,de GER,MF,Brentford,26-286,1998,24,21,1792,19.9,1,3,4,1,0,0,3,0,0.6,0.6,2.2,2.8,11,63,30,0.05,0.15,0.20,0.05,0.20,0.03,0.11,0.14,0.03,0.14,Matches
239,Vitezslav Jaros,cz CZE,GK,Liverpool,23-212,2001,1,0,12,0.1,0,0,0,0,0,0,0,0,0.0,0.0,0.0,0.0,0,0,0,0.00,0.00,0.00,0.00,0.00,0.00,0.00,0.00,0.00,0.00,Matches
240,Daniel Jebbison,eng ENG,"FW,MF",Bournemouth,21-191,2003,7,0,62,0.7,0,0,0,0,0,0,1,0,0.2,0.2,0.2,0.4,2,2,8,0.00,0.00,0.00,0.00,0.00,0.30,0.29,0.59,0.30,0.59,Matches
241,Mathias Jensen,dk DEN,MF,Brentford,29-050,1996,15,8,720,8.0,0,1,1,0,0,0,1,0,0.2,0.2,1.5,1.7,6,50,24,0.00,0.12,0.12,0.00,0.12,0.03,0.18,0.21,0.03,0.21,Matches
242,Gabriel Jesus,br BRA,FW,Arsenal,27-323,1997,17,6,608,6.8,3,0,3,3,0,0,4,0,3.0,3.0,0.7,3.7,15,19,57,0.44,0.00,0.44,0.44,0.44,0.44,0.10,0.54,0.44,0.54,Matches
243,Raúl Jiménez,mx MEX,FW,Fulham,33-291,1991,25,20,1597,17.7,9,3,12,6,3,3,3,0,9.1,6.8,2.7,9.5,25,35,87,0.51,0.17,0.68,0.34,0.51,0.51,0.15,0.67,0.38,0.53,Matches
244,Kim Jisoo,kr KOR,DF,Brentford,20-058,2004,2,0,29,0.3,0,0,0,0,0,0,0,0,0.0,0.0,0.0,0.0,0,2,0,0.00,0.00,0.00,0.00,0.00,0.00,0.00,0.00,0.00,0.00,Matches
245,João Pedro,br BRA,"FW,MF",Brighton,23-147,2001,19,16,1358,15.1,5,5,10,4,1,1,3,0,4.3,3.5,2.6,6.2,51,52,95,0.33,0.33,0.66,0.27,0.60,0.29,0.17,0.46,0.23,0.41,Matches
246,Joelinton,br BRA,"MF,FW",Newcastle Utd,28-190,1996,23,23,1914,21.3,4,1,5,4,0,0,9,0,3.7,3.7,1.6,5.2,33,98,96,0.19,0.05,0.24,0.19,0.24,0.17,0.07,0.25,0.17,0.25,Matches
247,Ben Johnson,eng ENG,"DF,FW",Ipswich Town,25-027,2000,15,9,918,10.2,0,1,1,0,0,0,2,0,0.4,0.4,0.6,1.0,10,17,19,0.00,0.10,0.10,0.00,0.10,0.04,0.06,0.10,0.04,0.10,Matches
248,Brennan Johnson,wls WAL,FW,Tottenham,23-273,2001,22,16,1519,16.9,7,2,9,7,0,0,3,0,8.0,8.0,1.3,9.3,48,51,154,0.41,0.12,0.53,0.41,0.53,0.47,0.08,0.55,0.47,0.55,Matches
249,Sam Johnstone,eng ENG,GK,Wolves,31-332,1993,7,7,630,7.0,0,0,0,0,0,0,0,0,0.0,0.0,0.0,0.0,0,0,0,0.00,0.00,0.00,0.00,0.00,0.00,0.00,0.00,0.00,0.00,Matches
250,Curtis Jones,eng ENG,MF,Liverpool,24-021,2001,21,11,1045,11.6,3,3,6,3,0,0,3,1,3.5,3.5,0.4,3.9,13,63,50,0.26,0.26,0.52,0.26,0.52,0.30,0.04,0.33,0.30,0.33,Matches
Rk,Player,Nation,Pos,Squad,Age,Born,MP,Starts,Min,90s,Gls,Ast,G+A,G-PK,PK,PKatt,CrdY,CrdR,xG,npxG,xAG,npxG+xAG,PrgC,PrgP,PrgR,Gls,Ast,G+A,G-PK,G+A-PK,xG,xAG,xG+xAG,npxG,npxG+xAG,Matches
251,Jorginho,it ITA,MF,Arsenal,33-062,1991,11,6,474,5.3,0,0,0,0,0,0,4,0,0.0,0.0,0.4,0.5,8,32,2,0.00,0.00,0.00,0.00,0.00,0.01,0.08,0.09,0.01,0.09,Matches
252,Diogo Jota,pt POR,FW,Liverpool,28-078,1996,16,9,760,8.4,5,3,8,5,0,0,1,0,6.1,6.1,1.6,7.7,29,20,60,0.59,0.36,0.95,0.59,0.95,0.72,0.19,0.92,0.72,0.92,Matches
253,James Justin,eng ENG,DF,Leicester City,26-363,1998,24,24,2019,22.4,2,1,3,2,0,0,3,0,1.4,1.4,0.5,1.9,32,58,64,0.09,0.04,0.13,0.09,0.13,0.06,0.02,0.08,0.06,0.08,Matches
254,Filip Jørgensen,dk DEN,GK,Chelsea,22-310,2002,4,4,360,4.0,0,0,0,0,0,0,0,0,0.0,0.0,0.0,0.0,0,0,0,0.00,0.00,0.00,0.00,0.00,0.00,0.00,0.00,0.00,0.00,Matches
255,Ferdi Kadioglu,tr TUR,"DF,MF",Brighton,25-136,1999,6,5,385,4.3,1,0,1,1,0,0,1,0,0.4,0.4,0.2,0.6,1,15,27,0.23,0.00,0.23,0.23,0.23,0.10,0.04,0.14,0.10,0.14,Matches
256,Daichi Kamada,jp JPN,MF,Crystal Palace,28-199,1996,21,10,938,10.4,0,0,0,0,0,0,2,1,0.7,0.7,1.1,1.8,16,57,39,0.00,0.00,0.00,0.00,0.00,0.07,0.11,0.17,0.07,0.17,Matches
257,Boubacar Kamara,fr FRA,"MF,DF",Aston Villa,25-089,1999,16,13,1051,11.7,0,0,0,0,0,0,2,0,0.3,0.3,0.3,0.5,11,57,3,0.00,0.00,0.00,0.00,0.00,0.02,0.02,0.05,0.02,0.05,Matches
258,Michael Kayode,it ITA,DF,Brentford,20-225,2004,2,0,16,0.2,0,0,0,0,0,0,0,0,0.0,0.0,0.2,0.2,1,0,3,0.00,0.00,0.00,0.00,0.00,0.00,0.84,0.84,0.00,0.84,Matches
259,Michael Keane,eng ENG,DF,Everton,32-040,1993,10,9,813,9.0,2,0,2,2,0,0,4,0,0.4,0.4,0.1,0.5,1,12,3,0.22,0.00,0.22,0.22,0.22,0.05,0.01,0.06,0.05,0.06,Matches
260,Caoimhín Kelleher,ie IRL,GK,Liverpool,26-089,1998,8,8,720,8.0,0,0,0,0,0,0,0,0,0.0,0.0,0.0,0.0,0,0,0,0.00,0.00,0.00,0.00,0.00,0.00,0.00,0.00,0.00,0.00,Matches
261,Lloyd Kelly,eng ENG,DF,Newcastle Utd,26-137,1998,10,4,303,3.4,0,1,1,0,0,0,2,0,0.4,0.4,0.5,0.9,0,9,5,0.00,0.30,0.30,0.00,0.30,0.12,0.14,0.26,0.12,0.26,Matches
262,Milos Kerkez,hu HUN,DF,Bournemouth,21-105,2003,25,25,2177,24.2,2,3,5,2,0,0,3,0,0.5,0.4,2.9,3.3,62,111,119,0.08,0.12,0.21,0.08,0.21,0.02,0.12,0.14,0.02,0.14,Matches
263,Bilal El Khannouss,ma MAR,MF,Leicester City,20-286,2004,20,15,1185,13.2,2,1,3,2,0,0,2,0,0.5,0.5,1.9,2.4,32,66,41,0.15,0.08,0.23,0.15,0.23,0.04,0.14,0.18,0.04,0.18,Matches
264,Abdukodir Khusanov,uz UZB,DF,Manchester City,20-357,2004,2,2,143,1.6,0,0,0,0,0,0,1,0,0.0,0.0,0.0,0.0,0,6,0,0.00,0.00,0.00,0.00,0.00,0.01,0.00,0.01,0.01,0.01,Matches
265,Max Kilman,eng ENG,DF,West Ham,27-273,1997,25,25,2178,24.2,0,1,1,0,0,0,3,0,1.4,1.4,0.9,2.3,21,90,3,0.00,0.04,0.04,0.00,0.04,0.06,0.04,0.10,0.06,0.10,Matches
266,Joshua King,eng ENG,"MF,FW",Fulham,18-048,2007,5,1,80,0.9,0,0,0,0,0,0,0,0,0.2,0.2,0.4,0.6,1,4,9,0.00,0.00,0.00,0.00,0.00,0.22,0.48,0.70,0.22,0.70,Matches
267,Antonín Kinský,cz CZE,GK,Tottenham,21-344,2003,4,4,360,4.0,0,0,0,0,0,0,0,0,0.0,0.0,0.1,0.1,1,1,0,0.00,0.00,0.00,0.00,0.00,0.00,0.02,0.02,0.00,0.02,Matches
268,Jakub Kiwior,pl POL,DF,Arsenal,25-005,2000,8,2,327,3.6,0,0,0,0,0,0,0,0,0.0,0.0,0.1,0.1,1,8,0,0.00,0.00,0.00,0.00,0.00,0.00,0.02,0.02,0.00,0.02,Matches
269,Justin Kluivert,nl NED,"MF,FW",Bournemouth,25-291,1999,24,20,1606,17.8,11,5,16,5,6,6,6,0,8.8,4.1,3.3,7.4,49,69,108,0.62,0.28,0.90,0.28,0.56,0.49,0.19,0.68,0.23,0.42,Matches
270,Ibrahima Konaté,fr FRA,DF,Liverpool,25-271,1999,20,19,1624,18.0,1,2,3,1,0,0,5,0,1.0,1.0,0.9,1.9,16,77,2,0.06,0.11,0.17,0.06,0.17,0.06,0.05,0.10,0.06,0.10,Matches
271,Ezri Konsa,eng ENG,DF,Aston Villa,27-120,1997,22,22,1901,21.1,1,0,1,1,0,0,0,0,0.6,0.6,0.2,0.8,14,56,11,0.05,0.00,0.05,0.05,0.05,0.03,0.01,0.04,0.03,0.04,Matches
272,Mateo Kovačić,hr CRO,MF,Manchester City,30-290,1994,21,18,1549,17.2,4,1,5,4,0,0,5,0,1.4,1.4,3.4,4.8,43,110,14,0.23,0.06,0.29,0.23,0.29,0.08,0.20,0.28,0.08,0.28,Matches
273,Caleb Kporha,eng ENG,DF,Crystal Palace,18-220,2006,2,0,13,0.1,0,0,0,0,0,0,0,0,0.0,0.0,0.0,0.0,1,0,0,0.00,0.00,0.00,0.00,0.00,0.00,0.00,0.00,0.00,0.00,Matches
274,Emil Krafth,se SWE,DF,Newcastle Utd,30-202,1994,4,2,242,2.7,0,0,0,0,0,0,0,0,0.0,0.0,0.1,0.1,0,1,0,0.00,0.00,0.00,0.00,0.00,0.01,0.03,0.05,0.01,0.05,Matches
275,Mohammed Kudus,gh GHA,"MF,FW",West Ham,24-202,2000,20,20,1653,18.4,3,1,4,3,0,0,0,1,5.1,5.1,2.0,7.0,65,55,149,0.16,0.05,0.22,0.16,0.22,0.28,0.11,0.38,0.28,0.38,Matches
Rk,Player,Nation,Pos,Squad,Age,Born,MP,Starts,Min,90s,Gls,Ast,G+A,G-PK,PK,PKatt,CrdY,CrdR,xG,npxG,xAG,npxG+xAG,PrgC,PrgP,PrgR,Gls,Ast,G+A,G-PK,G+A-PK,xG,xAG,xG+xAG,npxG,npxG+xAG,Matches
276,Dejan Kulusevski,se SWE,"MF,FW",Tottenham,24-301,2000,25,23,2040,22.7,6,4,10,6,0,0,3,0,4.0,4.0,5.9,9.9,113,112,191,0.26,0.18,0.44,0.26,0.44,0.18,0.26,0.44,0.18,0.44,Matches
277,Maxence Lacroix,fr FRA,DF,Crystal Palace,24-320,2000,22,22,1975,21.9,1,1,2,1,0,0,4,0,1.9,1.9,0.4,2.3,8,49,4,0.05,0.05,0.09,0.05,0.09,0.09,0.02,0.11,0.09,0.11,Matches
278,Adam Lallana,eng ENG,MF,Southampton,36-286,1988,13,5,341,3.8,0,2,2,0,0,0,4,0,0.2,0.2,0.9,1.1,5,23,10,0.00,0.53,0.53,0.00,0.53,0.04,0.24,0.28,0.04,0.28,Matches
279,Tariq Lamptey,gh GHA,DF,Brighton,24-143,2000,11,7,609,6.8,2,2,4,2,0,0,0,0,0.4,0.4,0.4,0.8,23,10,37,0.30,0.30,0.59,0.30,0.59,0.06,0.07,0.12,0.06,0.12,Matches
280,Will Lankshear,eng ENG,"FW,MF",Tottenham,19-306,2005,3,0,11,0.1,0,0,0,0,0,0,0,0,0.0,0.0,0.0,0.0,0,0,1,0.00,0.00,0.00,0.00,0.00,0.00,0.00,0.00,0.00,0.00,Matches
281,Roméo Lavia,be BEL,MF,Chelsea,21-045,2004,10,8,532,5.9,0,1,1,0,0,0,4,0,0.2,0.2,0.7,0.9,3,17,6,0.00,0.17,0.17,0.00,0.17,0.03,0.12,0.15,0.03,0.15,Matches
282,Mario Lemina,ga GAB,"MF,DF",Wolves,31-172,1993,17,15,1364,15.2,1,3,4,1,0,0,4,0,1.4,1.4,1.1,2.5,8,48,21,0.07,0.20,0.26,0.07,0.26,0.09,0.07,0.17,0.09,0.17,Matches
283,Bernd Leno,de GER,GK,Fulham,32-353,1992,25,25,2250,25.0,0,1,1,0,0,0,3,0,0.0,0.0,0.1,0.1,0,0,0,0.00,0.04,0.04,0.00,0.04,0.00,0.01,0.01,0.00,0.01,Matches
284,Jefferson Lerma,co COL,MF,Crystal Palace,30-118,1994,20,16,1338,14.9,0,0,0,0,0,0,4,0,0.8,0.8,1.4,2.2,9,71,23,0.00,0.00,0.00,0.00,0.00,0.05,0.09,0.15,0.05,0.15,Matches
285,Rico Lewis,eng ENG,"DF,MF",Manchester City,20-091,2004,20,17,1492,16.6,1,2,3,1,0,0,5,1,1.2,1.2,0.3,1.5,34,86,58,0.06,0.12,0.18,0.06,0.18,0.07,0.02,0.09,0.07,0.09,Matches
286,Keane Lewis-Potter,eng ENG,"DF,FW",Brentford,23-364,2001,25,23,2009,22.3,1,2,3,1,0,0,4,0,2.4,2.4,1.7,4.1,71,66,111,0.04,0.09,0.13,0.04,0.13,0.11,0.08,0.18,0.11,0.18,Matches
287,Myles Lewis-Skelly,eng ENG,DF,Arsenal,18-147,2006,11,8,626,7.0,1,0,1,1,0,0,2,1,0.0,0.0,0.1,0.2,12,31,16,0.14,0.00,0.14,0.14,0.14,0.01,0.02,0.03,0.01,0.03,Matches
288,Matthijs de Ligt,nl NED,DF,Manchester Utd,25-192,1999,23,19,1639,18.2,1,0,1,1,0,0,3,0,1.9,1.9,0.3,2.2,6,42,4,0.05,0.00,0.05,0.05,0.05,0.11,0.02,0.12,0.11,0.12,Matches
289,Pedro Lima,br BRA,DF,Wolves,18-234,2006,2,1,59,0.7,0,0,0,0,0,0,0,0,0.0,0.0,0.1,0.1,3,3,9,0.00,0.00,0.00,0.00,0.00,0.00,0.11,0.11,0.00,0.11,Matches
290,Victor Lindelöf,se SWE,"DF,MF",Manchester Utd,30-218,1994,5,0,63,0.7,0,0,0,0,0,0,1,0,0.0,0.0,0.0,0.0,0,5,1,0.00,0.00,0.00,0.00,0.00,0.00,0.03,0.03,0.00,0.03,Matches
291,Jesper Lindstrøm,dk DEN,FW,Everton,24-357,2000,21,12,1027,11.4,0,0,0,0,0,0,2,0,2.1,2.1,1.9,4.0,28,19,65,0.00,0.00,0.00,0.00,0.00,0.18,0.17,0.35,0.18,0.35,Matches
292,Valentino Livramento,eng ENG,DF,Newcastle Utd,22-100,2002,24,19,1692,18.8,0,0,0,0,0,0,0,0,0.1,0.1,0.7,0.8,46,85,61,0.00,0.00,0.00,0.00,0.00,0.01,0.04,0.04,0.01,0.04,Matches
293,Sean Longstaff,eng ENG,MF,Newcastle Utd,27-113,1997,19,8,740,8.2,0,0,0,0,0,0,2,0,0.6,0.6,0.2,0.8,4,38,20,0.00,0.00,0.00,0.00,0.00,0.07,0.02,0.09,0.07,0.09,Matches
294,Saša Lukić,rs SRB,MF,Fulham,28-191,1996,20,19,1582,17.6,0,2,2,0,0,0,9,0,0.8,0.8,2.5,3.3,29,66,21,0.00,0.11,0.11,0.00,0.11,0.05,0.14,0.19,0.05,0.19,Matches
295,Joe Lumley,eng ENG,GK,Southampton,30-005,1995,3,3,270,3.0,0,0,0,0,0,0,0,0,0.0,0.0,0.0,0.0,0,0,0,0.00,0.00,0.00,0.00,0.00,0.00,0.00,0.00,0.00,0.00,Matches
296,Massimo Luongo,au AUS,MF,Ipswich Town,32-148,1992,7,2,181,2.0,0,0,0,0,0,0,0,0,0.0,0.0,0.0,0.0,0,5,1,0.00,0.00,0.00,0.00,0.00,0.00,0.00,0.00,0.00,0.00,Matches
297,Ian Maatsen,nl NED,DF,Aston Villa,22-347,2002,20,3,514,5.7,0,1,1,0,0,0,2,0,0.2,0.2,1.6,1.8,15,28,52,0.00,0.18,0.18,0.00,0.18,0.04,0.28,0.32,0.04,0.32,Matches
298,Alexis Mac Allister,ar ARG,MF,Liverpool,26-058,1998,25,23,1890,21.0,2,3,5,2,0,0,6,0,2.1,2.1,3.5,5.6,26,135,59,0.10,0.14,0.24,0.10,0.24,0.10,0.17,0.27,0.10,0.27,Matches
299,James Maddison,eng ENG,MF,Tottenham,28-089,1996,23,16,1363,15.1,9,4,13,9,0,0,4,0,5.7,5.7,2.8,8.4,36,125,71,0.59,0.26,0.86,0.59,0.86,0.37,0.18,0.56,0.37,0.56,Matches
300,Noni Madueke,eng ENG,FW,Chelsea,22-347,2002,23,19,1453,16.1,7,3,10,7,0,0,3,0,7.6,7.6,3.6,11.2,110,53,179,0.43,0.19,0.62,0.43,0.62,0.47,0.22,0.70,0.47,0.70,Matches
Rk,Player,Nation,Pos,Squad,Age,Born,MP,Starts,Min,90s,Gls,Ast,G+A,G-PK,PK,PKatt,CrdY,CrdR,xG,npxG,xAG,npxG+xAG,PrgC,PrgP,PrgR,Gls,Ast,G+A,G-PK,G+A-PK,xG,xAG,xG+xAG,npxG,npxG+xAG,Matches
301,Gabriel Magalhães,br BRA,DF,Arsenal,27-063,1997,23,23,1988,22.1,3,1,4,3,0,0,3,0,2.5,2.5,0.8,3.3,5,99,9,0.14,0.05,0.18,0.14,0.18,0.11,0.04,0.15,0.11,0.15,Matches
302,Edmond-Paris Maghoma,eng ENG,MF,Brentford,23-288,2001,5,0,78,0.9,0,0,0,0,0,0,0,0,0.0,0.0,0.0,0.0,3,8,2,0.00,0.00,0.00,0.00,0.00,0.00,0.00,0.00,0.00,0.00,Matches
303,Harry Maguire,eng ENG,DF,Manchester Utd,31-352,1993,18,13,1178,13.1,0,0,0,0,0,0,7,0,0.6,0.6,0.3,0.9,5,39,3,0.00,0.00,0.00,0.00,0.00,0.05,0.02,0.07,0.05,0.07,Matches
304,Kobbie Mainoo,eng ENG,MF,Manchester Utd,19-307,2005,18,15,1285,14.3,0,0,0,0,0,0,5,0,0.5,0.5,1.5,2.0,19,52,35,0.00,0.00,0.00,0.00,0.00,0.04,0.11,0.14,0.04,0.14,Matches
305,Tyrell Malacia,nl NED,DF,Manchester Utd,25-187,1999,3,2,100,1.1,0,0,0,0,0,0,1,0,0.0,0.0,0.0,0.0,3,3,6,0.00,0.00,0.00,0.00,0.00,0.00,0.03,0.03,0.00,0.03,Matches
306,Donyell Malen,nl NED,FW,Aston Villa,26-042,1999,4,1,156,1.7,0,0,0,0,0,0,0,0,0.3,0.3,0.0,0.4,4,3,13,0.00,0.00,0.00,0.00,0.00,0.19,0.02,0.21,0.19,0.21,Matches
307,Orel Mangala,be BEL,MF,Everton,26-339,1998,19,14,1261,14.0,1,0,1,1,0,0,2,0,1.1,1.1,0.6,1.8,6,34,19,0.07,0.00,0.07,0.07,0.07,0.08,0.05,0.13,0.08,0.13,Matches
308,Ryan Manning,ie IRL,DF,Southampton,28-251,1996,14,10,767,8.5,0,0,0,0,0,0,1,0,0.1,0.1,1.7,1.8,10,8,51,0.00,0.00,0.00,0.00,0.00,0.02,0.20,0.21,0.02,0.21,Matches
309,Solly March,eng ENG,"MF,DF",Brighton,30-215,1994,2,0,25,0.3,0,0,0,0,0,0,1,0,0.1,0.1,0.0,0.1,0,0,1,0.00,0.00,0.00,0.00,0.00,0.23,0.00,0.23,0.23,0.23,Matches
310,Omar Marmoush,eg EGY,"FW,MF",Manchester City,26-013,1999,3,3,219,2.4,3,0,3,3,0,0,0,0,0.9,0.9,0.5,1.4,6,8,14,1.23,0.00,1.23,1.23,1.23,0.36,0.22,0.58,0.36,0.58,Matches
311,Gabriel Martinelli,br BRA,"FW,MF",Arsenal,23-247,2001,22,16,1458,16.2,6,3,9,6,0,0,1,0,4.1,4.1,2.9,6.9,78,28,184,0.37,0.19,0.56,0.37,0.56,0.25,0.18,0.43,0.25,0.43,Matches
312,Emiliano Martínez,ar ARG,GK,Aston Villa,32-171,1992,26,26,2295,25.5,0,0,0,0,0,0,2,0,0.0,0.0,0.0,0.0,0,2,0,0.00,0.00,0.00,0.00,0.00,0.00,0.00,0.00,0.00,0.00,Matches
313,Lisandro Martínez,ar ARG,DF,Manchester Utd,27-033,1998,20,20,1751,19.5,2,1,3,2,0,0,7,0,1.3,1.3,1.1,2.4,23,117,7,0.10,0.05,0.15,0.10,0.15,0.07,0.06,0.13,0.07,0.13,Matches
314,Pape Matar Sarr,sn SEN,MF,Tottenham,22-159,2002,25,15,1282,14.2,2,2,4,2,0,0,4,0,2.4,2.4,1.4,3.8,23,68,38,0.14,0.14,0.28,0.14,0.28,0.17,0.10,0.27,0.17,0.27,Matches
315,Jean-Philippe Mateta,fr FRA,FW,Crystal Palace,27-237,1997,25,23,1952,21.7,11,1,12,9,2,2,2,0,10.5,8.9,2.3,11.2,28,36,95,0.51,0.05,0.55,0.41,0.46,0.48,0.10,0.59,0.41,0.52,Matches
316,Stephy Mavididi,eng ENG,FW,Leicester City,26-265,1998,23,14,1306,14.5,3,1,4,3,0,0,2,0,1.5,1.5,2.4,3.9,71,52,106,0.21,0.07,0.28,0.21,0.28,0.11,0.16,0.27,0.11,0.27,Matches
317,Konstantinos Mavropanos,gr GRE,DF,West Ham,27-071,1997,21,16,1492,16.6,0,0,0,0,0,0,4,1,0.9,0.9,0.5,1.4,12,49,2,0.00,0.00,0.00,0.00,0.00,0.06,0.03,0.08,0.06,0.08,Matches
318,Noussair Mazraoui,ma MAR,DF,Manchester Utd,27-098,1997,25,23,1923,21.4,0,1,1,0,0,0,1,0,0.5,0.5,0.8,1.3,26,81,41,0.00,0.05,0.05,0.00,0.05,0.02,0.04,0.06,0.02,0.06,Matches
319,Bryan Mbeumo,cm CMR,FW,Brentford,25-197,1999,25,25,2244,24.9,14,3,17,10,4,4,2,0,8.3,5.2,6.2,11.3,85,98,245,0.56,0.12,0.68,0.40,0.52,0.33,0.25,0.58,0.21,0.45,Matches
320,James Mcatee,eng ENG,"MF,FW",Manchester City,22-125,2002,8,0,104,1.2,2,0,2,2,0,0,0,0,1.3,1.3,0.0,1.3,3,3,9,1.73,0.00,1.73,1.73,1.73,1.17,0.00,1.17,1.17,1.17,Matches
321,Kasey McAteer,ie IRL,"FW,MF",Leicester City,23-090,2001,11,4,386,4.3,0,1,1,0,0,0,1,0,0.6,0.6,0.4,0.9,13,8,36,0.00,0.23,0.23,0.00,0.23,0.13,0.08,0.21,0.13,0.21,Matches
322,Alex McCarthy,eng ENG,GK,Southampton,35-079,1989,5,5,450,5.0,0,0,0,0,0,0,0,0,0.0,0.0,0.0,0.0,0,0,0,0.00,0.00,0.00,0.00,0.00,0.00,0.00,0.00,0.00,0.00,Matches
323,John McGinn,sct SCO,"MF,FW",Aston Villa,30-125,1994,22,19,1537,17.1,0,3,3,0,0,0,4,0,2.0,2.0,2.6,4.6,25,73,64,0.00,0.18,0.18,0.00,0.18,0.12,0.15,0.27,0.12,0.27,Matches
324,Dwight McNeil,eng ENG,"MF,FW",Everton,25-090,1999,13,13,1140,12.7,3,3,6,3,0,0,1,0,0.9,0.9,3.5,4.4,31,60,65,0.24,0.24,0.47,0.24,0.47,0.07,0.27,0.34,0.07,0.34,Matches
325,Scott McTominay,sct SCO,MF,Manchester Utd,28-074,1996,2,0,19,0.2,0,0,0,0,0,0,0,0,0.1,0.1,0.0,0.1,0,1,2,0.00,0.00,0.00,0.00,0.00,0.33,0.00,0.33,0.33,0.33,Matches
Rk,Player,Nation,Pos,Squad,Age,Born,MP,Starts,Min,90s,Gls,Ast,G+A,G-PK,PK,PKatt,CrdY,CrdR,xG,npxG,xAG,npxG+xAG,PrgC,PrgP,PrgR,Gls,Ast,G+A,G-PK,G+A-PK,xG,xAG,xG+xAG,npxG,npxG+xAG,Matches
326,Ben Mee,eng ENG,DF,Brentford,35-152,1989,6,2,177,2.0,0,0,0,0,0,0,2,0,0.0,0.0,0.0,0.0,3,11,2,0.00,0.00,0.00,0.00,0.00,0.00,0.00,0.00,0.00,0.00,Matches
327,Jayden Meghoma,eng ENG,DF,Brentford,18-237,2006,1,0,5,0.1,0,0,0,0,0,0,0,0,0.0,0.0,0.0,0.0,0,0,0,0.00,0.00,0.00,0.00,0.00,0.00,0.00,0.00,0.00,0.00,Matches
328,Mikel Merino,es ESP,MF,Arsenal,28-243,1996,17,8,789,8.8,4,1,5,4,0,0,2,0,2.9,2.9,0.9,3.8,6,42,51,0.46,0.11,0.57,0.46,0.57,0.33,0.11,0.44,0.33,0.44,Matches
329,Nikola Milenković,rs SRB,DF,Nott'ham Forest,27-131,1997,24,24,2160,24.0,2,1,3,2,0,0,2,0,3.1,3.1,0.3,3.3,2,39,4,0.08,0.04,0.12,0.08,0.12,0.13,0.01,0.14,0.13,0.14,Matches
330,Lewis Miley,eng ENG,MF,Newcastle Utd,18-295,2006,6,0,80,0.9,0,0,0,0,0,0,0,0,0.4,0.4,0.0,0.4,0,4,3,0.00,0.00,0.00,0.00,0.00,0.46,0.00,0.46,0.46,0.46,Matches
331,James Milner,eng ENG,MF,Brighton,39-047,1986,3,3,169,1.9,0,0,0,0,0,0,1,0,0.2,0.2,0.2,0.4,1,10,10,0.00,0.00,0.00,0.00,0.00,0.09,0.12,0.21,0.09,0.21,Matches
332,Tyrone Mings,eng ENG,DF,Aston Villa,31-344,1993,8,6,633,7.0,0,0,0,0,0,0,1,0,0.3,0.3,0.2,0.5,1,24,0,0.00,0.00,0.00,0.00,0.00,0.05,0.03,0.07,0.05,0.07,Matches
333,Yankuba Minteh,gm GAM,"FW,MF",Brighton,20-213,2004,20,9,928,10.3,5,2,7,5,0,0,6,0,2.8,2.8,3.2,5.9,44,23,110,0.48,0.19,0.68,0.48,0.68,0.27,0.31,0.58,0.27,0.58,Matches
334,Tyrick Mitchell,eng ENG,DF,Crystal Palace,25-172,1999,25,25,2149,23.9,0,3,3,0,0,0,2,0,0.6,0.6,4.2,4.8,45,50,125,0.00,0.13,0.13,0.00,0.13,0.03,0.18,0.20,0.03,0.20,Matches
335,Kaoru Mitoma,jp JPN,"FW,MF",Brighton,27-276,1997,25,22,1980,22.0,6,3,9,6,0,0,0,0,5.3,5.3,4.3,9.5,114,69,236,0.27,0.14,0.41,0.27,0.41,0.24,0.19,0.43,0.24,0.43,Matches
336,Jakub Moder,pl POL,MF,Brighton,25-319,1999,4,0,11,0.1,0,0,0,0,0,0,0,0,0.0,0.0,0.2,0.2,2,4,0,0.00,0.00,0.00,0.00,0.00,0.00,1.45,1.45,0.00,1.45,Matches
337,Mikey Moore,eng ENG,"FW,MF",Tottenham,17-193,2007,7,2,185,2.1,0,1,1,0,0,0,0,0,0.2,0.2,0.3,0.5,9,7,30,0.00,0.49,0.49,0.00,0.49,0.10,0.16,0.26,0.10,0.26,Matches
338,Morato,br BRA,DF,Nott'ham Forest,23-235,2001,18,4,601,6.7,0,0,0,0,0,0,1,0,0.1,0.1,0.0,0.1,0,13,1,0.00,0.00,0.00,0.00,0.00,0.01,0.00,0.01,0.01,0.01,Matches
339,Álex Moreno,es ESP,DF,Nott'ham Forest,31-257,1993,13,10,813,9.0,0,1,1,0,0,0,2,0,0.2,0.2,1.0,1.1,24,29,28,0.00,0.11,0.11,0.00,0.11,0.02,0.11,0.12,0.02,0.12,Matches
340,Sam Morsy,eg EGY,MF,Ipswich Town,33-163,1991,22,21,1903,21.1,1,1,2,1,0,0,7,0,0.3,0.3,0.7,1.0,10,86,9,0.05,0.05,0.09,0.05,0.09,0.01,0.03,0.05,0.01,0.05,Matches
341,Yerson Mosquera,co COL,DF,Wolves,23-294,2001,5,5,441,4.9,0,0,0,0,0,0,2,0,0.3,0.3,0.1,0.4,0,7,0,0.00,0.00,0.00,0.00,0.00,0.07,0.02,0.09,0.07,0.09,Matches
342,Mason Mount,eng ENG,"MF,FW",Manchester Utd,26-041,1999,8,4,247,2.7,0,0,0,0,0,0,2,0,0.4,0.4,0.1,0.5,2,8,5,0.00,0.00,0.00,0.00,0.00,0.14,0.04,0.18,0.14,0.18,Matches
343,Divin Mubama,eng ENG,FW,Manchester City,20-118,2004,1,0,28,0.3,0,0,0,0,0,0,0,0,0.0,0.0,0.0,0.0,0,1,0,0.00,0.00,0.00,0.00,0.00,0.12,0.00,0.12,0.12,0.12,Matches
344,Mykhailo Mudryk,ua UKR,FW,Chelsea,24-046,2001,7,1,151,1.7,0,0,0,0,0,0,0,0,0.3,0.3,1.0,1.2,7,5,12,0.00,0.00,0.00,0.00,0.00,0.15,0.58,0.73,0.15,0.73,Matches
345,Marshall Munetsi,zw ZIM,FW,Wolves,28-243,1996,1,0,45,0.5,0,0,0,0,0,0,0,0,0.6,0.6,0.0,0.6,0,2,1,0.00,0.00,0.00,0.00,0.00,1.19,0.00,1.19,1.19,1.19,Matches
346,Rodrigo Muniz,br BRA,FW,Fulham,23-292,2001,24,5,687,7.6,4,1,5,4,0,0,1,0,3.9,3.9,0.6,4.5,4,19,25,0.52,0.13,0.66,0.52,0.66,0.51,0.08,0.59,0.51,0.59,Matches
347,Daniel Muñoz,co COL,DF,Crystal Palace,28-270,1996,24,24,2073,23.0,2,3,5,2,0,0,5,0,3.5,3.5,3.6,7.1,32,59,142,0.09,0.13,0.22,0.09,0.22,0.15,0.16,0.31,0.15,0.31,Matches
348,Arijanet Muric,xk KVX,GK,Ipswich Town,26-105,1998,18,18,1620,18.0,0,0,0,0,0,0,1,0,0.0,0.0,0.0,0.0,0,1,0,0.00,0.00,0.00,0.00,0.00,0.00,0.00,0.00,0.00,0.00,Matches
349,Murillo,br BRA,DF,Nott'ham Forest,22-231,2002,24,24,2118,23.5,1,0,1,1,0,0,5,0,1.1,1.1,1.1,2.1,13,72,4,0.04,0.00,0.04,0.04,0.04,0.05,0.05,0.09,0.05,0.09,Matches
350,Jacob Murphy,eng ENG,FW,Newcastle Utd,29-362,1995,22,18,1431,15.9,4,7,11,4,0,0,2,0,2.6,2.6,6.3,8.9,50,53,131,0.25,0.44,0.69,0.25,0.69,0.16,0.40,0.56,0.16,0.56,Matches
Rk,Player,Nation,Pos,Squad,Age,Born,MP,Starts,Min,90s,Gls,Ast,G+A,G-PK,PK,PKatt,CrdY,CrdR,xG,npxG,xAG,npxG+xAG,PrgC,PrgP,PrgR,Gls,Ast,G+A,G-PK,G+A-PK,xG,xAG,xG+xAG,npxG,npxG+xAG,Matches
351,Vitaliy Mykolenko,ua UKR,DF,Everton,25-267,1999,23,23,2002,22.2,0,0,0,0,0,0,2,0,0.4,0.4,1.2,1.6,22,80,53,0.00,0.00,0.00,0.00,0.00,0.02,0.05,0.07,0.02,0.07,Matches
352,Iliman Ndiaye,sn SEN,FW,Everton,24-351,2000,24,22,1877,20.9,6,0,6,5,1,1,3,0,3.6,2.8,1.5,4.3,71,38,95,0.29,0.00,0.29,0.24,0.24,0.17,0.07,0.25,0.13,0.21,Matches
353,Wilfred Ndidi,ng NGA,MF,Leicester City,28-066,1996,16,16,1299,14.4,0,4,4,0,0,0,4,0,1.5,1.5,1.4,2.9,9,37,49,0.00,0.28,0.28,0.00,0.28,0.11,0.09,0.20,0.11,0.20,Matches
354,Kosta Nedeljković,rs SRB,DF,Aston Villa,19-066,2005,5,0,126,1.4,0,0,0,0,0,0,0,0,0.0,0.0,0.0,0.0,1,6,0,0.00,0.00,0.00,0.00,0.00,0.00,0.00,0.00,0.00,0.00,Matches
355,Reiss Nelson,eng ENG,FW,Arsenal,25-072,1999,1,0,3,0.0,0,0,0,0,0,0,0,0,0.0,0.0,0.0,0.0,0,0,0,0.00,0.00,0.00,0.00,0.00,0.00,0.00,0.00,0.00,0.00,Matches
356,Reiss Nelson,eng ENG,FW,Fulham,25-072,1999,11,5,487,5.4,1,1,2,1,0,0,1,0,1.1,1.1,1.0,2.1,45,35,63,0.18,0.18,0.37,0.18,0.37,0.20,0.18,0.39,0.20,0.39,Matches
357,Neto,br BRA,GK,Bournemouth,35-216,1989,2,2,180,2.0,0,0,0,0,0,0,0,0,0.0,0.0,0.0,0.0,0,0,0,0.00,0.00,0.00,0.00,0.00,0.00,0.00,0.00,0.00,0.00,Matches
358,Pedro Neto,pt POR,FW,Chelsea,24-348,2000,22,12,1194,13.3,2,2,4,2,0,0,6,0,1.3,1.3,2.7,4.0,79,26,117,0.15,0.15,0.30,0.15,0.30,0.10,0.20,0.30,0.10,0.30,Matches
359,Eddie Nketiah,eng ENG,"MF,FW",Crystal Palace,25-266,1999,18,6,632,7.0,0,1,1,0,0,0,3,0,1.7,1.7,1.3,3.0,30,13,53,0.00,0.14,0.14,0.00,0.14,0.25,0.18,0.43,0.25,0.43,Matches
360,Christopher Nkunku,fr FRA,FW,Chelsea,27-098,1997,21,4,552,6.1,2,1,3,2,0,0,1,0,4.0,4.0,1.7,5.6,9,18,45,0.33,0.16,0.49,0.33,0.49,0.64,0.27,0.92,0.64,0.92,Matches
361,Matheus Nunes,pt POR,"DF,MF",Manchester City,26-177,1998,17,10,894,9.9,0,4,4,0,0,0,2,0,0.5,0.5,2.9,3.4,39,34,121,0.00,0.40,0.40,0.00,0.40,0.05,0.29,0.34,0.05,0.34,Matches
362,Darwin Núñez,uy URU,FW,Liverpool,25-241,1999,21,7,899,10.0,4,2,6,4,0,0,6,0,4.1,4.1,1.0,5.1,19,20,60,0.40,0.20,0.60,0.40,0.60,0.41,0.10,0.51,0.41,0.51,Matches
363,Ethan Nwaneri,eng ENG,"FW,MF",Arsenal,17-336,2007,15,4,381,4.2,3,1,4,3,0,0,1,0,0.7,0.7,0.7,1.4,20,17,44,0.71,0.24,0.94,0.71,0.94,0.17,0.16,0.33,0.17,0.33,Matches
364,Christian Nørgaard,dk DEN,MF,Brentford,30-347,1994,22,22,1785,19.8,2,2,4,2,0,0,4,1,2.5,2.5,0.6,3.1,10,90,31,0.10,0.10,0.20,0.10,0.20,0.13,0.03,0.16,0.13,0.16,Matches
365,Jake O'Brien,ie IRL,DF,Everton,23-281,2001,8,5,491,5.5,0,0,0,0,0,0,2,0,0.0,0.0,0.1,0.1,2,11,9,0.00,0.00,0.00,0.00,0.00,0.00,0.02,0.02,0.00,0.02,Matches
366,Matt O'Riley,dk DEN,MF,Brighton,24-091,2000,12,5,475,5.3,1,1,2,1,0,0,1,0,1.2,1.2,1.2,2.4,9,22,25,0.19,0.19,0.38,0.19,0.38,0.23,0.22,0.45,0.23,0.45,Matches
367,Dara O'Shea,ie IRL,DF,Ipswich Town,25-353,1999,22,22,1952,21.7,0,0,0,0,0,0,5,0,0.8,0.8,0.0,0.8,3,51,1,0.00,0.00,0.00,0.00,0.00,0.04,0.00,0.04,0.04,0.04,Matches
368,Chidozie Obi-Martin,dk DEN,MF,Manchester Utd,17-083,2007,1,0,1,0.0,0,0,0,0,0,0,0,0,0.0,0.0,0.0,0.0,0,0,0,0.00,0.00,0.00,0.00,0.00,0.00,0.00,0.00,0.00,0.00,Matches
369,Wilson Odobert,fr FRA,FW,Tottenham,20-084,2004,4,2,166,1.8,0,0,0,0,0,0,0,0,0.4,0.4,0.1,0.5,13,10,18,0.00,0.00,0.00,0.00,0.00,0.23,0.03,0.26,0.23,0.26,Matches
370,Chiedozie Ogbene,ie IRL,FW,Ipswich Town,27-295,1997,5,3,238,2.6,0,0,0,0,0,0,0,0,0.0,0.0,0.1,0.1,7,0,15,0.00,0.00,0.00,0.00,0.00,0.00,0.03,0.03,0.00,0.03,Matches
371,Caleb Okoli,it ITA,DF,Leicester City,23-222,2001,15,10,921,10.2,0,0,0,0,0,0,2,0,0.1,0.1,0.0,0.1,3,27,2,0.00,0.00,0.00,0.00,0.00,0.01,0.00,0.01,0.01,0.01,Matches
372,Robin Olsen,se SWE,GK,Aston Villa,35-043,1990,1,0,45,0.5,0,0,0,0,0,0,0,0,0.0,0.0,0.0,0.0,0,0,0,0.00,0.00,0.00,0.00,0.00,0.00,0.00,0.00,0.00,0.00,Matches
373,Amadou Onana,be BEL,MF,Aston Villa,23-188,2001,17,14,1079,12.0,2,0,2,2,0,0,4,0,1.8,1.8,0.2,2.0,13,36,10,0.17,0.00,0.17,0.17,0.17,0.15,0.02,0.17,0.15,0.17,Matches
374,André Onana,cm CMR,GK,Manchester Utd,28-324,1996,25,25,2250,25.0,0,0,0,0,0,0,0,0,0.0,0.0,0.2,0.2,0,1,0,0.00,0.00,0.00,0.00,0.00,0.00,0.01,0.01,0.00,0.01,Matches
375,Paul Onuachu,ng NGA,FW,Southampton,30-268,1994,15,7,634,7.0,2,1,3,2,0,0,1,0,1.7,1.7,0.4,2.2,6,9,19,0.28,0.14,0.43,0.28,0.43,0.24,0.06,0.31,0.24,0.31,Matches
Rk,Player,Nation,Pos,Squad,Age,Born,MP,Starts,Min,90s,Gls,Ast,G+A,G-PK,PK,PKatt,CrdY,CrdR,xG,npxG,xAG,npxG+xAG,PrgC,PrgP,PrgR,Gls,Ast,G+A,G-PK,G+A-PK,xG,xAG,xG+xAG,npxG,npxG+xAG,Matches
376,Frank Onyeka,ng NGA,MF,Brentford,27-050,1998,2,0,25,0.3,0,0,0,0,0,0,0,0,0.0,0.0,0.0,0.0,0,1,0,0.00,0.00,0.00,0.00,0.00,0.00,0.00,0.00,0.00,0.00,Matches
377,Lewis Orford,eng ENG,MF,West Ham,19-002,2006,2,0,49,0.5,0,0,0,0,0,0,0,0,0.0,0.0,0.0,0.0,0,0,1,0.00,0.00,0.00,0.00,0.00,0.05,0.04,0.09,0.05,0.09,Matches
378,Stefan Ortega,de GER,GK,Manchester City,32-106,1992,9,9,810,9.0,0,0,0,0,0,0,1,0,0.0,0.0,0.0,0.0,0,0,0,0.00,0.00,0.00,0.00,0.00,0.00,0.00,0.00,0.00,0.00,Matches
379,William Osula,dk DEN,"FW,MF",Newcastle Utd,21-200,2003,9,0,49,0.5,0,0,0,0,0,0,0,0,0.0,0.0,0.1,0.1,1,1,5,0.00,0.00,0.00,0.00,0.00,0.00,0.16,0.16,0.00,0.16,Matches
380,Dango Ouattara,bf BFA,FW,Bournemouth,23-009,2002,22,13,1328,14.8,7,4,11,7,0,0,1,0,6.4,6.4,4.0,10.5,50,25,135,0.47,0.27,0.75,0.47,0.75,0.44,0.27,0.71,0.44,0.71,Matches
381,Nico O’Reilly,eng ENG,"MF,DF",Manchester City,19-336,2005,2,0,23,0.3,0,0,0,0,0,0,0,0,0.0,0.0,0.0,0.0,1,0,0,0.00,0.00,0.00,0.00,0.00,0.10,0.00,0.10,0.10,0.10,Matches
382,Alex Palmer,eng ENG,GK,Ipswich Town,28-194,1996,1,1,90,1.0,0,0,0,0,0,0,0,0,0.0,0.0,0.0,0.0,0,0,0,0.00,0.00,0.00,0.00,0.00,0.00,0.00,0.00,0.00,0.00,Matches
383,Cole Palmer,eng ENG,MF,Chelsea,22-290,2002,25,25,2189,24.3,14,6,20,11,3,3,4,0,12.5,10.1,8.2,18.3,82,146,128,0.58,0.25,0.82,0.45,0.70,0.51,0.34,0.85,0.42,0.75,Matches
384,Emerson Palmieri,it ITA,DF,West Ham,30-201,1994,23,22,1677,18.6,2,1,3,2,0,0,5,0,1.6,1.6,1.5,3.1,32,47,65,0.11,0.05,0.16,0.11,0.16,0.09,0.08,0.16,0.09,0.16,Matches
385,Lucas Paquetá,br BRA,"MF,FW",West Ham,27-177,1997,23,20,1699,18.9,4,0,4,2,2,2,6,0,4.8,3.3,2.1,5.3,15,92,64,0.21,0.00,0.21,0.11,0.11,0.26,0.11,0.37,0.17,0.28,Matches
386,Thomas Partey,gh GHA,"MF,DF",Arsenal,31-252,1993,24,21,1928,21.4,3,2,5,3,0,0,2,0,1.6,1.6,1.6,3.2,20,129,29,0.14,0.09,0.23,0.14,0.23,0.07,0.07,0.15,0.07,0.15,Matches
387,Nathan Patterson,sct SCO,"DF,FW",Everton,23-127,2001,7,0,129,1.4,0,0,0,0,0,0,0,0,0.1,0.1,0.3,0.4,4,7,7,0.00,0.00,0.00,0.00,0.00,0.05,0.24,0.29,0.05,0.29,Matches
388,Andreas Pereira,br BRA,MF,Fulham,29-050,1996,22,16,1283,14.3,2,2,4,2,0,1,7,0,3.0,2.2,3.0,5.2,14,76,48,0.14,0.14,0.28,0.14,0.28,0.21,0.21,0.42,0.16,0.37,Matches
389,Ricardo Pereira,pt POR,DF,Leicester City,31-137,1993,2,2,146,1.6,0,0,0,0,0,0,1,0,0.0,0.0,0.0,0.0,1,5,3,0.00,0.00,0.00,0.00,0.00,0.00,0.00,0.00,0.00,0.00,Matches
390,Kalvin Phillips,eng ENG,MF,Ipswich Town,29-080,1995,14,11,951,10.6,0,0,0,0,0,0,4,1,0.4,0.4,0.1,0.5,4,37,2,0.00,0.00,0.00,0.00,0.00,0.04,0.01,0.04,0.04,0.04,Matches
391,Jaden Philogene Bidace,eng ENG,"FW,MF",Aston Villa,23-012,2002,11,2,332,3.7,0,0,0,0,0,0,4,1,0.5,0.5,0.3,0.8,7,4,17,0.00,0.00,0.00,0.00,0.00,0.13,0.08,0.20,0.13,0.20,Matches
392,Jaden Philogene Bidace,eng ENG,"FW,MF",Ipswich Town,23-012,2002,3,1,133,1.5,0,0,0,0,0,0,0,0,0.0,0.0,0.0,0.0,7,2,9,0.00,0.00,0.00,0.00,0.00,0.00,0.00,0.00,0.00,0.00,Matches
393,Jordan Pickford,eng ENG,GK,Everton,30-350,1994,25,25,2250,25.0,0,1,1,0,0,0,6,0,0.0,0.0,0.4,0.4,0,0,0,0.00,0.04,0.04,0.00,0.04,0.00,0.01,0.01,0.00,0.01,Matches
394,Ethan Pinnock,jm JAM,DF,Brentford,31-267,1993,17,16,1471,16.3,2,0,2,2,0,0,2,0,0.9,0.9,1.2,2.0,2,33,8,0.12,0.00,0.12,0.12,0.12,0.05,0.07,0.12,0.05,0.12,Matches
395,Daniel Podence,pt POR,"MF,FW",Wolves,29-122,1995,2,0,48,0.5,0,0,0,0,0,0,0,0,0.0,0.0,0.0,0.0,1,2,3,0.00,0.00,0.00,0.00,0.00,0.07,0.00,0.07,0.07,0.07,Matches
396,Alfie Pond,eng ENG,DF,Wolves,20-356,2004,1,0,1,0.0,0,0,0,0,0,0,0,0,0.0,0.0,0.0,0.0,0,0,0,0.00,0.00,0.00,0.00,0.00,0.00,0.00,0.00,0.00,0.00,Matches
397,Nick Pope,eng ENG,GK,Newcastle Utd,32-307,1992,15,15,1350,15.0,0,0,0,0,0,0,2,0,0.0,0.0,0.0,0.0,0,0,0,0.00,0.00,0.00,0.00,0.00,0.00,0.00,0.00,0.00,0.00,Matches
398,Pedro Porro,es ESP,DF,Tottenham,25-160,1999,25,22,2078,23.1,2,5,7,2,0,0,2,0,1.5,1.5,2.7,4.2,53,126,86,0.09,0.22,0.30,0.09,0.30,0.06,0.12,0.18,0.06,0.18,Matches
399,Jarell Quansah,eng ENG,DF,Liverpool,22-022,2003,7,2,275,3.1,0,0,0,0,0,0,1,0,0.0,0.0,0.0,0.0,2,8,2,0.00,0.00,0.00,0.00,0.00,0.00,0.00,0.00,0.00,0.00,Matches
400,Hákon Rafn Valdimarsson,is ISL,GK,Brentford,23-130,2001,2,1,145,1.6,0,0,0,0,0,0,0,0,0.0,0.0,0.0,0.0,0,0,0,0.00,0.00,0.00,0.00,0.00,0.00,0.00,0.00,0.00,0.00,Matches
Rk,Player,Nation,Pos,Squad,Age,Born,MP,Starts,Min,90s,Gls,Ast,G+A,G-PK,PK,PKatt,CrdY,CrdR,xG,npxG,xAG,npxG+xAG,PrgC,PrgP,PrgR,Gls,Ast,G+A,G-PK,G+A-PK,xG,xAG,xG+xAG,npxG,npxG+xAG,Matches
401,Aaron Ramsdale,eng ENG,GK,Southampton,26-282,1998,17,17,1530,17.0,0,0,0,0,0,0,1,0,0.0,0.0,0.0,0.0,0,0,0,0.00,0.00,0.00,0.00,0.00,0.00,0.00,0.00,0.00,0.00,Matches
402,Jacob Ramsey,eng ENG,"FW,MF",Aston Villa,23-268,2001,18,12,1069,11.9,1,2,3,1,0,0,1,0,1.2,1.2,1.7,2.9,38,46,70,0.08,0.17,0.25,0.08,0.25,0.10,0.14,0.24,0.10,0.24,Matches
403,Marcus Rashford,eng ENG,"FW,MF",Manchester Utd,27-112,1997,15,12,978,10.9,4,1,5,4,0,0,2,0,1.7,1.7,2.1,3.8,20,21,79,0.37,0.09,0.46,0.37,0.46,0.16,0.19,0.35,0.16,0.35,Matches
404,Marcus Rashford,eng ENG,FW,Aston Villa,27-112,1997,2,1,111,1.2,0,0,0,0,0,0,0,0,0.2,0.2,0.6,0.8,8,8,20,0.00,0.00,0.00,0.00,0.00,0.18,0.49,0.66,0.18,0.66,Matches
405,David Raya,es ESP,GK,Arsenal,29-158,1995,25,25,2250,25.0,0,0,0,0,0,0,2,0,0.0,0.0,0.0,0.0,0,6,0,0.00,0.00,0.00,0.00,0.00,0.00,0.00,0.00,0.00,0.00,Matches
406,Harrison Reed,eng ENG,MF,Fulham,30-024,1995,9,0,69,0.8,0,0,0,0,0,0,2,0,0.1,0.1,0.1,0.2,1,4,7,0.00,0.00,0.00,0.00,0.00,0.19,0.10,0.29,0.19,0.29,Matches
407,Remy Rees-Dottin,eng ENG,FW,Bournemouth,18-351,2006,1,0,1,0.0,0,0,0,0,0,0,0,0,0.0,0.0,0.0,0.0,0,0,0,0.00,0.00,0.00,0.00,0.00,0.00,0.00,0.00,0.00,0.00,Matches
408,Sergio Reguilón,es ESP,DF,Tottenham,28-066,1996,3,0,123,1.4,0,0,0,0,0,0,2,0,0.1,0.1,0.0,0.1,4,12,10,0.00,0.00,0.00,0.00,0.00,0.05,0.02,0.07,0.05,0.07,Matches
409,Bobby Reid,jm JAM,"FW,MF",Leicester City,32-018,1993,17,5,526,5.8,1,2,3,1,0,0,1,0,0.8,0.8,1.2,2.0,8,13,29,0.17,0.34,0.51,0.17,0.51,0.13,0.21,0.33,0.13,0.33,Matches
410,Chadi Riad,ma MAR,DF,Crystal Palace,21-248,2003,1,1,90,1.0,0,0,0,0,0,0,0,0,0.0,0.0,0.0,0.0,2,7,0,0.00,0.00,0.00,0.00,0.00,0.00,0.00,0.00,0.00,0.00,Matches
411,Declan Rice,eng ENG,MF,Arsenal,26-037,1999,23,21,1831,20.3,1,5,6,1,0,0,5,1,1.6,1.6,5.3,6.9,65,135,60,0.05,0.25,0.29,0.05,0.29,0.08,0.26,0.34,0.08,0.34,Matches
412,Chris Richards,us USA,DF,Crystal Palace,24-329,2000,14,12,1068,11.9,0,0,0,0,0,0,1,0,0.4,0.4,0.1,0.5,3,26,1,0.00,0.00,0.00,0.00,0.00,0.03,0.01,0.04,0.03,0.04,Matches
413,Richarlison,br BRA,FW,Tottenham,27-286,1997,9,2,279,3.1,2,1,3,2,0,0,1,0,1.2,1.2,0.9,2.1,8,10,17,0.65,0.32,0.97,0.65,0.97,0.38,0.29,0.67,0.38,0.67,Matches
414,Andrew Robertson,sct SCO,DF,Liverpool,30-346,1994,25,23,1898,21.1,0,0,0,0,0,0,3,1,0.6,0.6,4.0,4.6,49,137,80,0.00,0.00,0.00,0.00,0.00,0.03,0.19,0.22,0.03,0.22,Matches
415,Antonee Robinson,us USA,DF,Fulham,27-196,1997,25,25,2250,25.0,0,10,10,0,0,0,5,0,0.7,0.7,3.4,4.1,88,93,201,0.00,0.40,0.40,0.00,0.40,0.03,0.14,0.16,0.03,0.16,Matches
416,Rodri,es ESP,MF,Manchester City,28-243,1996,2,1,65,0.7,0,0,0,0,0,0,0,0,0.0,0.0,0.0,0.0,0,4,1,0.00,0.00,0.00,0.00,0.00,0.00,0.06,0.06,0.00,0.06,Matches
417,Guido Rodríguez,ar ARG,MF,West Ham,30-314,1994,19,14,1017,11.3,0,0,0,0,0,0,5,0,0.2,0.2,0.1,0.3,2,31,5,0.00,0.00,0.00,0.00,0.00,0.02,0.01,0.03,0.02,0.03,Matches
418,Mads Roerslev,dk DEN,DF,Brentford,25-241,1999,19,11,1101,12.2,0,2,2,0,0,0,2,0,0.2,0.2,3.0,3.2,17,51,54,0.00,0.16,0.16,0.00,0.16,0.02,0.24,0.26,0.02,0.26,Matches
419,Morgan Rogers,eng ENG,"MF,FW",Aston Villa,22-209,2002,25,25,2080,23.1,6,4,10,6,0,0,8,0,4.6,4.6,4.7,9.3,83,82,129,0.26,0.17,0.43,0.26,0.43,0.20,0.20,0.40,0.20,0.40,Matches
420,Cristian Romero,ar ARG,DF,Tottenham,26-299,1998,12,12,974,10.8,1,0,1,1,0,0,1,0,1.1,1.1,0.5,1.6,10,48,2,0.09,0.00,0.09,0.09,0.09,0.10,0.05,0.15,0.10,0.15,Matches
421,Georginio Rutter,fr FRA,"FW,MF",Brighton,22-306,2002,24,15,1339,14.9,4,2,6,4,0,0,2,0,3.6,3.6,1.8,5.4,39,61,67,0.27,0.13,0.40,0.27,0.40,0.24,0.12,0.36,0.24,0.36,Matches
422,José Sá,pt POR,GK,Wolves,32-034,1993,18,18,1620,18.0,0,0,0,0,0,0,1,0,0.0,0.0,0.1,0.1,0,2,0,0.00,0.00,0.00,0.00,0.00,0.00,0.01,0.01,0.00,0.01,Matches
423,Bukayo Saka,eng ENG,"FW,MF",Arsenal,23-168,2001,16,16,1268,14.1,5,10,15,4,1,1,3,0,4.2,3.4,5.8,9.2,72,53,195,0.35,0.71,1.06,0.28,0.99,0.30,0.41,0.71,0.24,0.65,Matches
424,Mohamed Salah,eg EGY,FW,Liverpool,32-250,1992,26,26,2299,25.5,24,15,39,17,7,7,1,0,19.7,14.2,9.7,23.9,104,96,326,0.94,0.59,1.53,0.67,1.25,0.77,0.38,1.15,0.56,0.94,Matches
425,William Saliba,fr FRA,DF,Arsenal,23-333,2001,23,23,2009,22.3,2,0,2,2,0,0,2,1,1.9,1.9,0.5,2.4,9,79,3,0.09,0.00,0.09,0.09,0.09,0.08,0.02,0.11,0.08,0.11,Matches
Rk,Player,Nation,Pos,Squad,Age,Born,MP,Starts,Min,90s,Gls,Ast,G+A,G-PK,PK,PKatt,CrdY,CrdR,xG,npxG,xAG,npxG+xAG,PrgC,PrgP,PrgR,Gls,Ast,G+A,G-PK,G+A-PK,xG,xAG,xG+xAG,npxG,npxG+xAG,Matches
426,Robert Sánchez,es ESP,GK,Chelsea,27-094,1997,21,21,1890,21.0,0,0,0,0,0,0,5,0,0.0,0.0,0.0,0.0,0,1,0,0.00,0.00,0.00,0.00,0.00,0.00,0.00,0.00,0.00,0.00,Matches
427,Jadon Sancho,eng ENG,FW,Chelsea,24-332,2000,19,13,1183,13.1,2,4,6,2,0,0,1,0,1.5,1.5,2.6,4.2,68,60,147,0.15,0.30,0.46,0.15,0.46,0.12,0.20,0.32,0.12,0.32,Matches
428,Ibrahim Sangaré,ci CIV,MF,Nott'ham Forest,27-080,1997,5,3,249,2.8,0,1,1,0,0,0,2,0,0.0,0.0,0.3,0.3,0,11,2,0.00,0.36,0.36,0.00,0.36,0.01,0.11,0.12,0.01,0.12,Matches
429,Pablo Sarabia,es ESP,"MF,FW",Wolves,32-285,1992,11,6,472,5.2,1,1,2,1,0,0,2,0,2.4,2.4,0.6,3.0,10,29,34,0.19,0.19,0.38,0.19,0.38,0.46,0.12,0.58,0.46,0.58,Matches
430,Jeremy Sarmiento,ec ECU,MF,Brighton,22-249,2002,1,0,9,0.1,0,0,0,0,0,0,0,0,0.0,0.0,0.0,0.0,0,0,2,0.00,0.00,0.00,0.00,0.00,0.00,0.00,0.00,0.00,0.00,Matches
431,Ismaila Sarr,sn SEN,"MF,FW",Crystal Palace,26-361,1998,25,18,1681,18.7,4,3,7,4,0,0,3,0,4.6,4.6,4.7,9.3,44,55,122,0.21,0.16,0.37,0.21,0.37,0.25,0.25,0.50,0.25,0.50,Matches
432,Sávio,br BRA,"FW,MF",Manchester City,20-316,2004,20,15,1260,14.0,1,7,8,1,0,0,2,0,3.5,3.5,5.5,9.0,99,53,164,0.07,0.50,0.57,0.07,0.57,0.25,0.39,0.64,0.25,0.64,Matches
433,Oliver Scarles,eng ENG,DF,West Ham,19-070,2005,7,0,161,1.8,0,0,0,0,0,0,0,0,0.1,0.1,0.0,0.1,2,7,15,0.00,0.00,0.00,0.00,0.00,0.05,0.00,0.05,0.05,0.05,Matches
434,Dane Scarlett,eng ENG,FW,Tottenham,20-333,2004,1,0,12,0.1,0,0,0,0,0,0,0,0,0.0,0.0,0.0,0.0,1,0,0,0.00,0.00,0.00,0.00,0.00,0.00,0.00,0.00,0.00,0.00,Matches
435,Kevin Schade,de GER,FW,Brentford,23-085,2001,25,13,1239,13.8,7,2,9,7,0,0,2,0,5.2,5.2,2.3,7.5,34,27,93,0.51,0.15,0.65,0.51,0.65,0.38,0.16,0.54,0.38,0.54,Matches
436,Fabian Schär,ch SUI,DF,Newcastle Utd,33-062,1991,21,20,1782,19.8,2,0,2,2,0,0,5,1,1.5,1.5,0.3,1.8,12,68,14,0.10,0.00,0.10,0.10,0.10,0.08,0.01,0.09,0.08,0.09,Matches
437,Jeffrey Schlupp,gh GHA,"MF,DF",Crystal Palace,32-059,1992,12,0,103,1.1,0,0,0,0,0,0,0,0,0.2,0.2,0.2,0.3,4,5,9,0.00,0.00,0.00,0.00,0.00,0.14,0.14,0.28,0.14,0.28,Matches
438,Alex Scott,eng ENG,MF,Bournemouth,21-183,2003,9,2,277,3.1,0,0,0,0,0,0,0,0,0.2,0.2,0.2,0.4,5,36,15,0.00,0.00,0.00,0.00,0.00,0.06,0.07,0.13,0.06,0.13,Matches
439,Matz Sels,be BEL,GK,Nott'ham Forest,32-360,1992,25,25,2250,25.0,0,0,0,0,0,0,2,0,0.0,0.0,0.0,0.0,0,1,0,0.00,0.00,0.00,0.00,0.00,0.00,0.00,0.00,0.00,0.00,Matches
440,Nélson Semedo,pt POR,DF,Wolves,31-096,1993,21,20,1787,19.9,0,3,3,0,0,0,7,0,0.4,0.4,2.3,2.8,43,41,70,0.00,0.15,0.15,0.00,0.15,0.02,0.12,0.14,0.02,0.14,Matches
441,Antoine Semenyo,gh GHA,FW,Bournemouth,25-044,2000,24,24,2106,23.4,7,4,11,7,0,0,6,0,7.7,7.7,4.3,12.0,98,68,205,0.30,0.17,0.47,0.30,0.47,0.33,0.18,0.51,0.33,0.51,Matches
442,Marcos Senesi,ar ARG,DF,Bournemouth,27-286,1997,11,11,917,10.2,0,0,0,0,0,0,4,0,0.8,0.8,0.4,1.2,11,45,3,0.00,0.00,0.00,0.00,0.00,0.08,0.04,0.12,0.08,0.12,Matches
443,Ryan Sessegnon,eng ENG,"MF,FW",Fulham,24-278,2000,4,0,19,0.2,0,0,0,0,0,0,0,0,0.0,0.0,0.0,0.0,1,0,2,0.00,0.00,0.00,0.00,0.00,0.00,0.00,0.00,0.00,0.00,Matches
444,Luke Shaw,eng ENG,DF,Manchester Utd,29-223,1995,2,0,70,0.8,0,0,0,0,0,0,0,0,0.0,0.0,0.0,0.0,1,6,0,0.00,0.00,0.00,0.00,0.00,0.00,0.00,0.00,0.00,0.00,Matches
445,Zain Silcott-Duberry,ms MSR,FW,Bournemouth,19-226,2005,1,0,1,0.0,0,0,0,0,0,0,0,0,0.0,0.0,0.0,0.0,0,0,0,0.00,0.00,0.00,0.00,0.00,0.00,0.00,0.00,0.00,0.00,Matches
446,Bernardo Silva,pt POR,"MF,FW",Manchester City,30-194,1994,23,21,1916,21.3,2,4,6,2,0,0,5,0,2.9,2.9,4.0,6.9,77,89,156,0.09,0.19,0.28,0.09,0.28,0.13,0.19,0.32,0.13,0.32,Matches
447,Jota Silva,pt POR,"FW,MF",Nott'ham Forest,25-203,1999,24,4,715,7.9,1,1,2,1,0,0,4,0,1.0,1.0,2.8,3.8,17,13,45,0.13,0.13,0.25,0.13,0.25,0.13,0.36,0.48,0.13,0.48,Matches
448,Eric da Silva Moreira,de GER,"MF,DF",Nott'ham Forest,18-293,2006,2,0,30,0.3,0,0,0,0,0,0,0,0,0.0,0.0,0.0,0.0,1,0,1,0.00,0.00,0.00,0.00,0.00,0.00,0.00,0.00,0.00,0.00,Matches
449,Jahmai Simpson-Pusey,eng ENG,DF,Manchester City,19-108,2005,2,1,96,1.1,0,0,0,0,0,0,1,0,0.0,0.0,0.0,0.0,1,3,0,0.00,0.00,0.00,0.00,0.00,0.00,0.00,0.00,0.00,0.00,Matches
450,Luis Sinisterra,co COL,"FW,MF",Bournemouth,25-248,1999,9,1,211,2.3,1,1,2,1,0,0,0,0,1.1,1.1,1.0,2.1,14,4,30,0.43,0.43,0.85,0.43,0.85,0.47,0.43,0.90,0.47,0.90,Matches
Rk,Player,Nation,Pos,Squad,Age,Born,MP,Starts,Min,90s,Gls,Ast,G+A,G-PK,PK,PKatt,CrdY,CrdR,xG,npxG,xAG,npxG+xAG,PrgC,PrgP,PrgR,Gls,Ast,G+A,G-PK,G+A-PK,xG,xAG,xG+xAG,npxG,npxG+xAG,Matches
451,Oliver Skipp,eng ENG,MF,Leicester City,24-157,2000,15,7,765,8.5,0,0,0,0,0,0,4,0,0.1,0.1,0.2,0.3,13,22,13,0.00,0.00,0.00,0.00,0.00,0.01,0.03,0.04,0.01,0.04,Matches
452,William Smallbone,ie IRL,MF,Southampton,24-365,2000,9,4,376,4.2,0,0,0,0,0,0,1,0,0.3,0.3,0.3,0.6,4,13,15,0.00,0.00,0.00,0.00,0.00,0.07,0.08,0.15,0.07,0.15,Matches
453,Adam Smith,eng ENG,DF,Bournemouth,33-297,1991,17,12,1035,11.5,0,0,0,0,0,0,4,0,0.6,0.6,0.1,0.7,7,31,16,0.00,0.00,0.00,0.00,0.00,0.05,0.01,0.06,0.05,0.06,Matches
454,Emile Smith Rowe,eng ENG,MF,Fulham,24-207,2000,23,19,1515,16.8,5,2,7,5,0,0,1,0,4.0,4.0,1.1,5.1,49,100,90,0.30,0.12,0.42,0.30,0.42,0.24,0.06,0.30,0.24,0.30,Matches
455,Dominic Solanke,eng ENG,FW,Tottenham,27-159,1997,18,18,1598,17.8,7,3,10,7,0,0,0,0,8.5,8.5,2.6,11.0,27,37,71,0.39,0.17,0.56,0.39,0.56,0.48,0.14,0.62,0.48,0.62,Matches
456,Carlos Soler,es ESP,"MF,FW",West Ham,28-049,1997,20,12,1036,11.5,1,1,2,1,0,0,5,0,1.2,1.2,1.1,2.3,11,43,20,0.09,0.09,0.17,0.09,0.17,0.11,0.09,0.20,0.11,0.20,Matches
457,Ramón Sosa,py PAR,"FW,MF",Nott'ham Forest,25-173,1999,14,1,241,2.7,1,0,1,1,0,0,1,0,0.9,0.9,0.4,1.4,10,4,14,0.37,0.00,0.37,0.37,0.37,0.35,0.15,0.51,0.35,0.51,Matches
458,Tomáš Souček,cz CZE,MF,West Ham,29-359,1995,23,20,1750,19.4,5,1,6,5,0,0,8,0,3.7,3.7,1.0,4.7,4,57,43,0.26,0.05,0.31,0.26,0.31,0.19,0.05,0.24,0.19,0.24,Matches
459,Boubakary Soumaré,fr FRA,MF,Leicester City,25-359,1999,18,14,1285,14.3,0,0,0,0,0,0,8,0,0.2,0.2,0.3,0.5,20,62,15,0.00,0.00,0.00,0.00,0.00,0.01,0.02,0.03,0.01,0.03,Matches
460,Djed Spence,eng ENG,DF,Tottenham,24-195,2000,12,8,770,8.6,0,1,1,0,0,0,3,1,0.2,0.2,1.2,1.3,30,45,38,0.00,0.12,0.12,0.00,0.12,0.02,0.14,0.15,0.02,0.15,Matches
461,Jay Stansfield,eng ENG,MF,Fulham,22-088,2002,1,0,1,0.0,0,0,0,0,0,0,0,0,0.0,0.0,0.0,0.0,0,0,0,0.00,0.00,0.00,0.00,0.00,0.00,0.00,0.00,0.00,0.00,Matches
462,Jason Steele,eng ENG,GK,Brighton,34-186,1990,2,2,180,2.0,0,0,0,0,0,0,0,0,0.0,0.0,0.0,0.0,0,0,0,0.00,0.00,0.00,0.00,0.00,0.00,0.00,0.00,0.00,0.00,Matches
463,Jack Stephens,eng ENG,DF,Southampton,31-024,1994,11,10,803,8.9,0,0,0,0,0,0,2,2,0.3,0.3,0.1,0.4,11,43,1,0.00,0.00,0.00,0.00,0.00,0.03,0.02,0.05,0.03,0.05,Matches
464,Raheem Sterling,eng ENG,"FW,MF",Arsenal,30-074,1994,10,4,286,3.2,0,1,1,0,0,0,1,0,0.9,0.9,0.2,1.1,17,14,50,0.00,0.31,0.31,0.00,0.31,0.28,0.06,0.35,0.28,0.35,Matches
465,Ross Stewart,sct SCO,"FW,MF",Southampton,28-224,1996,4,1,132,1.5,0,0,0,0,0,0,1,0,0.1,0.1,0.0,0.1,1,1,5,0.00,0.00,0.00,0.00,0.00,0.08,0.00,0.08,0.08,0.08,Matches
466,Jakub Stolarczyk,pl POL,GK,Leicester City,24-063,2000,6,6,540,6.0,0,0,0,0,0,0,1,0,0.0,0.0,0.0,0.0,0,1,0,0.00,0.00,0.00,0.00,0.00,0.00,0.00,0.00,0.00,0.00,Matches
467,John Stones,eng ENG,"DF,MF",Manchester City,30-268,1994,11,6,548,6.1,2,0,2,2,0,0,1,0,0.4,0.4,0.1,0.5,10,21,2,0.33,0.00,0.33,0.33,0.33,0.07,0.01,0.08,0.07,0.08,Matches
468,Jørgen Strand Larsen,no NOR,FW,Wolves,25-014,2000,23,22,1833,20.4,7,2,9,7,0,0,2,0,6.3,6.3,1.6,7.9,9,18,63,0.34,0.10,0.44,0.34,0.44,0.31,0.08,0.39,0.31,0.39,Matches
469,Yukinari Sugawara,jp JPN,DF,Southampton,24-237,2000,22,13,1211,13.5,1,1,2,1,0,0,4,0,0.4,0.4,2.2,2.6,27,59,59,0.07,0.07,0.15,0.07,0.15,0.03,0.17,0.20,0.03,0.20,Matches
470,Kamaldeen Sulemana,gh GHA,"FW,MF",Southampton,23-005,2002,13,4,390,4.3,1,0,1,1,0,0,0,0,0.8,0.8,0.0,0.9,17,6,32,0.23,0.00,0.23,0.23,0.23,0.19,0.01,0.20,0.19,0.20,Matches
471,Crysencio Summerville,nl NED,"FW,MF",West Ham,23-113,2001,19,7,786,8.7,1,1,2,1,0,0,2,0,1.6,1.6,1.7,3.3,29,18,71,0.11,0.11,0.23,0.11,0.23,0.19,0.19,0.38,0.19,0.38,Matches
472,Sammie Szmodics,ie IRL,"FW,MF",Ipswich Town,29-149,1995,18,13,978,10.9,4,0,4,4,0,0,2,0,3.4,3.4,0.2,3.6,16,18,46,0.37,0.00,0.37,0.37,0.37,0.31,0.02,0.33,0.31,0.33,Matches
473,Dominik Szoboszlai,hu HUN,MF,Liverpool,24-118,2000,24,19,1728,19.2,3,2,5,3,0,0,6,0,5.9,5.9,4.3,10.2,59,92,96,0.16,0.10,0.26,0.16,0.26,0.31,0.22,0.53,0.31,0.53,Matches
474,Matt Targett,eng ENG,DF,Newcastle Utd,29-155,1995,1,0,12,0.1,0,0,0,0,0,0,0,0,0.0,0.0,0.0,0.0,0,0,0,0.00,0.00,0.00,0.00,0.00,0.00,0.00,0.00,0.00,0.00,Matches
475,James Tarkowski,eng ENG,DF,Everton,32-093,1992,25,25,2241,24.9,1,1,2,1,0,0,4,0,1.0,1.0,2.2,3.2,4,58,3,0.04,0.04,0.08,0.04,0.08,0.04,0.09,0.13,0.04,0.13,Matches
Rk,Player,Nation,Pos,Squad,Age,Born,MP,Starts,Min,90s,Gls,Ast,G+A,G-PK,PK,PKatt,CrdY,CrdR,xG,npxG,xAG,npxG+xAG,PrgC,PrgP,PrgR,Gls,Ast,G+A,G-PK,G+A-PK,xG,xAG,xG+xAG,npxG,npxG+xAG,Matches
476,Marcus Tavernier,eng ENG,"FW,MF",Bournemouth,25-335,1999,18,13,1200,13.3,2,5,7,2,0,0,3,0,4.5,4.5,2.6,7.1,30,76,85,0.15,0.37,0.52,0.15,0.52,0.34,0.20,0.53,0.34,0.53,Matches
477,Charlie Taylor,eng ENG,DF,Southampton,31-155,1993,7,2,266,3.0,0,0,0,0,0,0,1,0,0.0,0.0,0.1,0.1,3,8,6,0.00,0.00,0.00,0.00,0.00,0.00,0.03,0.03,0.00,0.03,Matches
478,Jack Taylor,ie IRL,MF,Ipswich Town,26-242,1998,19,1,419,4.7,1,0,1,1,0,0,3,0,0.5,0.5,0.5,1.1,8,32,13,0.21,0.00,0.21,0.21,0.21,0.12,0.12,0.23,0.12,0.23,Matches
479,Mathys Tel,fr FRA,FW,Tottenham,19-299,2005,1,1,90,1.0,0,0,0,0,0,0,0,0,0.7,0.7,0.1,0.8,2,0,6,0.00,0.00,0.00,0.00,0.00,0.72,0.06,0.78,0.72,0.78,Matches
480,Kenny Tete,nl NED,DF,Fulham,29-134,1995,15,15,1262,14.0,0,2,2,0,0,0,3,0,1.0,1.0,0.7,1.8,33,42,39,0.00,0.14,0.14,0.00,0.14,0.07,0.05,0.13,0.07,0.13,Matches
481,Thiago,br BRA,FW,Brentford,23-239,2001,4,1,132,1.5,0,0,0,0,0,0,0,0,0.1,0.1,0.1,0.2,3,2,4,0.00,0.00,0.00,0.00,0.00,0.07,0.05,0.11,0.07,0.11,Matches
482,Luke Thomas,eng ENG,DF,Leicester City,23-255,2001,2,2,179,2.0,0,0,0,0,0,0,0,0,0.0,0.0,0.1,0.1,1,7,5,0.00,0.00,0.00,0.00,0.00,0.01,0.03,0.04,0.01,0.04,Matches
483,Youri Tielemans,be BEL,MF,Aston Villa,27-289,1997,26,26,2221,24.7,2,4,6,2,0,1,4,0,2.4,1.6,4.8,6.4,28,168,29,0.08,0.16,0.24,0.08,0.24,0.10,0.20,0.29,0.07,0.26,Matches
484,Kieran Tierney,sct SCO,"FW,DF",Arsenal,27-260,1997,3,0,20,0.2,0,0,0,0,0,0,0,0,0.0,0.0,0.3,0.3,1,0,1,0.00,0.00,0.00,0.00,0.00,0.00,1.35,1.35,0.00,1.35,Matches
485,Jurriën Timber,nl NED,DF,Arsenal,23-248,2001,22,21,1845,20.5,1,1,2,1,0,0,7,0,0.7,0.7,0.7,1.4,33,100,66,0.05,0.05,0.10,0.05,0.10,0.04,0.03,0.07,0.04,0.07,Matches
486,Jean-Clair Todibo,fr FRA,DF,West Ham,25-052,1999,15,8,866,9.6,0,0,0,0,0,0,0,0,0.1,0.1,0.0,0.1,3,17,1,0.00,0.00,0.00,0.00,0.00,0.01,0.00,0.01,0.01,0.01,Matches
487,Harry Toffolo,eng ENG,DF,Nott'ham Forest,29-185,1995,3,0,47,0.5,0,0,0,0,0,0,0,0,0.0,0.0,0.0,0.0,0,2,4,0.00,0.00,0.00,0.00,0.00,0.03,0.00,0.03,0.03,0.03,Matches
488,Takehiro Tomiyasu,jp JPN,DF,Arsenal,26-107,1998,1,0,7,0.1,0,0,0,0,0,0,0,0,0.2,0.2,0.0,0.2,0,1,0,0.00,0.00,0.00,0.00,0.00,2.37,0.00,2.37,2.37,2.37,Matches
489,Sandro Tonali,it ITA,MF,Newcastle Utd,24-288,2000,23,16,1551,17.2,1,1,2,1,0,0,5,0,3.1,3.1,0.6,3.7,23,75,34,0.06,0.06,0.12,0.06,0.12,0.18,0.03,0.21,0.18,0.21,Matches
490,Pau Torres,es ESP,DF,Aston Villa,28-035,1997,18,18,1549,17.2,0,0,0,0,0,0,1,0,0.5,0.5,0.0,0.5,31,70,4,0.00,0.00,0.00,0.00,0.00,0.03,0.00,0.03,0.03,0.03,Matches
491,Conor Townsend,eng ENG,DF,Ipswich Town,31-353,1993,3,1,136,1.5,0,0,0,0,0,0,0,0,0.0,0.0,0.4,0.4,1,2,4,0.00,0.00,0.00,0.00,0.00,0.00,0.25,0.25,0.00,0.25,Matches
492,Adama Traoré,es ESP,FW,Fulham,29-026,1996,24,13,1223,13.6,2,4,6,2,0,0,2,0,3.7,3.7,3.7,7.4,75,47,114,0.15,0.29,0.44,0.15,0.44,0.27,0.28,0.54,0.27,0.54,Matches
493,Mark Travers,ie IRL,GK,Bournemouth,25-278,1999,5,5,450,5.0,0,0,0,0,0,0,0,0,0.0,0.0,0.0,0.0,0,0,0,0.00,0.00,0.00,0.00,0.00,0.00,0.00,0.00,0.00,0.00,Matches
494,Ryan Trevitt,eng ENG,MF,Brentford,21-345,2003,1,0,4,0.0,0,0,0,0,0,0,0,0,0.0,0.0,0.0,0.0,0,0,1,0.00,0.00,0.00,0.00,0.00,0.00,0.00,0.00,0.00,0.00,Matches
495,Kieran Trippier,eng ENG,DF,Newcastle Utd,34-154,1990,15,6,586,6.5,0,0,0,0,0,0,1,0,0.0,0.0,0.3,0.3,10,41,28,0.00,0.00,0.00,0.00,0.00,0.00,0.04,0.05,0.00,0.05,Matches
496,Leandro Trossard,be BEL,FW,Arsenal,30-078,1994,25,17,1537,17.1,4,5,9,4,0,0,3,1,3.9,3.9,4.5,8.4,53,65,132,0.23,0.29,0.53,0.23,0.53,0.23,0.26,0.49,0.23,0.49,Matches
497,Kostas Tsimikas,gr GRE,DF,Liverpool,28-284,1996,11,3,365,4.1,0,1,1,0,0,0,1,0,0.1,0.1,1.0,1.1,9,40,16,0.00,0.25,0.25,0.00,0.25,0.02,0.24,0.26,0.02,0.26,Matches
498,Axel Tuanzebe,cd COD,DF,Ipswich Town,27-098,1997,13,12,1016,11.3,0,0,0,0,0,0,5,1,0.2,0.2,0.2,0.4,4,31,5,0.00,0.00,0.00,0.00,0.00,0.02,0.02,0.04,0.02,0.04,Matches
499,Destiny Udogie,it ITA,DF,Tottenham,22-084,2002,18,18,1430,15.9,0,1,1,0,0,0,2,0,0.3,0.3,1.3,1.6,39,97,79,0.00,0.06,0.06,0.00,0.06,0.02,0.08,0.10,0.02,0.10,Matches
500,Manuel Ugarte Ribeiro,uy URU,MF,Manchester Utd,23-315,2001,18,13,1079,12.0,0,0,0,0,0,0,8,0,0.4,0.4,0.5,0.9,7,38,10,0.00,0.00,0.00,0.00,0.00,0.03,0.04,0.07,0.03,0.07,Matches
Rk,Player,Nation,Pos,Squad,Age,Born,MP,Starts,Min,90s,Gls,Ast,G+A,G-PK,PK,PKatt,CrdY,CrdR,xG,npxG,xAG,npxG+xAG,PrgC,PrgP,PrgR,Gls,Ast,G+A,G-PK,G+A-PK,xG,xAG,xG+xAG,npxG,npxG+xAG,Matches
501,Lesley Ugochukwu,fr FRA,MF,Southampton,20-331,2004,15,7,790,8.8,0,1,1,0,0,0,3,0,0.4,0.4,0.7,1.0,17,35,13,0.00,0.11,0.11,0.00,0.11,0.04,0.08,0.12,0.04,0.12,Matches
502,Enes Ünal,tr TUR,"FW,MF",Bournemouth,27-286,1997,17,2,345,3.8,2,1,3,2,0,0,2,0,2.7,2.7,0.4,3.1,4,12,22,0.52,0.26,0.78,0.52,0.78,0.72,0.10,0.82,0.72,0.82,Matches
503,Virgil van Dijk,nl NED,DF,Liverpool,33-227,1991,26,26,2340,26.0,1,1,2,1,0,0,3,0,1.6,1.6,0.5,2.0,12,115,5,0.04,0.04,0.08,0.04,0.08,0.06,0.02,0.08,0.06,0.08,Matches
504,Jamie Vardy,eng ENG,FW,Leicester City,38-040,1987,23,23,1866,20.7,7,3,10,6,1,1,4,0,8.4,7.6,2.5,10.1,21,17,77,0.34,0.14,0.48,0.29,0.43,0.40,0.12,0.52,0.37,0.49,Matches
505,Renato Veiga,pt POR,"DF,MF",Chelsea,21-206,2003,7,1,181,2.0,0,0,0,0,0,0,2,0,0.2,0.2,0.0,0.2,4,7,3,0.00,0.00,0.00,0.00,0.00,0.08,0.00,0.08,0.08,0.08,Matches
506,Joël Veltman,nl NED,DF,Brighton,33-036,1992,19,19,1643,18.3,0,0,0,0,0,0,4,0,0.5,0.5,0.5,0.9,29,79,32,0.00,0.00,0.00,0.00,0.00,0.03,0.03,0.05,0.03,0.05,Matches
507,Micky van de Ven,nl NED,DF,Tottenham,23-307,2001,9,9,788,8.8,0,2,2,0,0,0,4,0,0.4,0.4,1.2,1.5,8,43,1,0.00,0.23,0.23,0.00,0.23,0.04,0.13,0.17,0.04,0.17,Matches
508,Bart Verbruggen,nl NED,GK,Brighton,22-186,2002,23,23,2070,23.0,0,1,1,0,0,0,4,0,0.0,0.0,0.0,0.0,0,2,0,0.00,0.04,0.04,0.00,0.04,0.00,0.00,0.00,0.00,0.00,Matches
509,Jannik Vestergaard,dk DEN,DF,Leicester City,32-201,1992,16,15,1260,14.0,0,0,0,0,0,0,5,0,0.0,0.0,0.1,0.1,2,26,2,0.00,0.00,0.00,0.00,0.00,0.00,0.00,0.01,0.00,0.01,Matches
510,Guglielmo Vicario,it ITA,GK,Tottenham,28-136,1996,13,13,1170,13.0,0,0,0,0,0,0,1,0,0.0,0.0,0.0,0.0,0,1,0,0.00,0.00,0.00,0.00,0.00,0.00,0.00,0.00,0.00,0.00,Matches
511,Carlos Vinícius,br BRA,MF,Fulham,29-332,1995,1,0,4,0.0,0,0,0,0,0,0,0,0,0.0,0.0,0.0,0.0,1,0,1,0.00,0.00,0.00,0.00,0.00,0.83,0.00,0.83,0.83,0.83,Matches
512,Kyle Walker,eng ENG,DF,Manchester City,34-268,1990,15,9,970,10.8,0,0,0,0,0,0,3,0,0.1,0.1,0.4,0.6,12,64,11,0.00,0.00,0.00,0.00,0.00,0.01,0.04,0.05,0.01,0.05,Matches
513,Kyle Walker-Peters,eng ENG,DF,Southampton,27-313,1997,23,23,2050,22.8,0,2,2,0,0,0,5,0,0.5,0.5,2.5,3.0,86,98,99,0.00,0.09,0.09,0.00,0.09,0.02,0.11,0.13,0.02,0.13,Matches
514,Christian Walton,eng ENG,GK,Ipswich Town,29-103,1995,6,6,540,6.0,0,0,0,0,0,0,0,0,0.0,0.0,0.0,0.0,0,0,0,0.00,0.00,0.00,0.00,0.00,0.00,0.00,0.00,0.00,0.00,Matches
515,Aaron Wan-Bissaka,eng ENG,DF,West Ham,27-086,1997,24,23,2074,23.0,2,1,3,2,0,0,1,0,1.0,1.0,1.4,2.4,71,92,97,0.09,0.04,0.13,0.09,0.13,0.04,0.06,0.10,0.04,0.10,Matches
516,Danny Ward,wls WAL,GK,Leicester City,31-243,1993,2,1,135,1.5,0,0,0,0,0,0,0,0,0.0,0.0,0.0,0.0,0,0,0,0.00,0.00,0.00,0.00,0.00,0.00,0.00,0.00,0.00,0.00,Matches
517,James Ward-Prowse,eng ENG,MF,West Ham,30-111,1994,2,0,63,0.7,0,0,0,0,0,0,0,0,0.0,0.0,0.1,0.1,3,7,0,0.00,0.00,0.00,0.00,0.00,0.05,0.08,0.13,0.05,0.13,Matches
518,James Ward-Prowse,eng ENG,MF,Nott'ham Forest,30-111,1994,9,5,400,4.4,0,1,1,0,0,0,2,1,0.1,0.1,1.1,1.2,1,16,3,0.00,0.23,0.23,0.00,0.23,0.01,0.25,0.26,0.01,0.26,Matches
519,Ollie Watkins,eng ENG,FW,Aston Villa,29-052,1995,26,22,1821,20.2,12,5,17,10,2,2,0,0,12.5,10.9,2.5,13.4,36,18,115,0.59,0.25,0.84,0.49,0.74,0.62,0.12,0.74,0.54,0.66,Matches
520,Adam Webster,eng ENG,DF,Brighton,30-047,1995,7,4,257,2.9,0,0,0,0,0,0,0,0,0.0,0.0,0.0,0.0,2,22,2,0.00,0.00,0.00,0.00,0.00,0.01,0.00,0.01,0.01,0.01,Matches
521,Danny Welbeck,eng ENG,FW,Brighton,34-086,1990,19,17,1438,16.0,6,4,10,6,0,0,2,0,6.1,6.1,0.9,7.0,15,32,55,0.38,0.25,0.63,0.38,0.63,0.38,0.06,0.44,0.38,0.44,Matches
522,Welington,br BRA,DF,Southampton,24-001,2001,2,2,125,1.4,0,0,0,0,0,0,1,0,0.0,0.0,0.0,0.0,1,3,5,0.00,0.00,0.00,0.00,0.00,0.00,0.03,0.03,0.00,0.03,Matches
523,Timo Werner,de GER,"FW,MF",Tottenham,28-351,1996,17,4,507,5.6,0,3,3,0,0,0,0,0,1.0,1.0,2.5,3.5,42,29,87,0.00,0.53,0.53,0.00,0.53,0.17,0.44,0.62,0.17,0.62,Matches
524,Adam Wharton,eng ENG,MF,Crystal Palace,20-263,2004,10,8,670,7.4,0,0,0,0,0,0,0,0,0.2,0.2,0.7,0.9,8,70,7,0.00,0.00,0.00,0.00,0.00,0.03,0.09,0.13,0.03,0.13,Matches
525,Ben White,eng ENG,DF,Arsenal,27-135,1997,9,7,695,7.7,0,1,1,0,0,0,2,0,0.1,0.1,0.4,0.6,4,30,15,0.00,0.13,0.13,0.00,0.13,0.02,0.06,0.07,0.02,0.07,Matches
Rk,Player,Nation,Pos,Squad,Age,Born,MP,Starts,Min,90s,Gls,Ast,G+A,G-PK,PK,PKatt,CrdY,CrdR,xG,npxG,xAG,npxG+xAG,PrgC,PrgP,PrgR,Gls,Ast,G+A,G-PK,G+A-PK,xG,xAG,xG+xAG,npxG,npxG+xAG,Matches
526,Mats Wieffer,nl NED,MF,Brighton,25-096,1999,13,4,471,5.2,1,1,2,1,0,0,2,0,0.5,0.5,0.6,1.0,5,34,8,0.19,0.19,0.38,0.19,0.38,0.09,0.10,0.19,0.09,0.19,Matches
527,Neco Williams,wls WAL,DF,Nott'ham Forest,23-313,2001,22,15,1424,15.8,1,1,2,1,0,0,4,0,1.6,1.6,0.6,2.2,39,45,53,0.06,0.06,0.13,0.06,0.13,0.10,0.04,0.14,0.10,0.14,Matches
528,Willian,br BRA,MF,Fulham,36-195,1988,1,0,1,0.0,0,0,0,0,0,0,0,0,0.0,0.0,0.2,0.2,1,0,0,0.00,0.00,0.00,0.00,0.00,0.00,15.25,15.25,0.00,15.25,Matches
529,Joe Willock,eng ENG,"MF,FW",Newcastle Utd,25-184,1999,22,7,669,7.4,0,1,1,0,0,0,2,0,0.9,0.9,1.5,2.3,20,28,52,0.00,0.13,0.13,0.00,0.13,0.11,0.20,0.31,0.11,0.31,Matches
530,Callum Wilson,eng ENG,"FW,MF",Newcastle Utd,32-359,1992,5,0,79,0.9,0,0,0,0,0,0,1,0,0.0,0.0,0.0,0.0,0,0,3,0.00,0.00,0.00,0.00,0.00,0.00,0.00,0.00,0.00,0.00,Matches
531,Harry Wilson,wls WAL,"FW,MF",Fulham,27-335,1997,19,8,839,9.3,5,1,6,5,0,0,2,0,3.2,3.2,1.0,4.2,16,42,71,0.54,0.11,0.64,0.54,0.64,0.35,0.11,0.45,0.35,0.45,Matches
532,Harry Winks,eng ENG,MF,Leicester City,29-018,1996,19,17,1456,16.2,0,2,2,0,0,0,4,0,0.2,0.2,1.2,1.4,15,92,10,0.00,0.12,0.12,0.00,0.12,0.01,0.07,0.09,0.01,0.09,Matches
533,Ben Winterburn,eng ENG,MF,Bournemouth,20-169,2004,2,0,10,0.1,0,0,0,0,0,0,0,0,0.0,0.0,0.0,0.0,0,0,0,0.00,0.00,0.00,0.00,0.00,0.00,0.00,0.00,0.00,0.00,Matches
534,Yoane Wissa,cd COD,FW,Brentford,28-170,1996,22,21,1750,19.4,11,2,13,11,0,0,2,0,11.5,11.5,1.3,12.9,38,40,96,0.57,0.10,0.67,0.57,0.67,0.59,0.07,0.66,0.59,0.66,Matches
535,Chris Wood,nz NZL,FW,Nott'ham Forest,33-075,1991,25,24,2005,22.3,18,2,20,15,3,3,1,0,10.4,8.1,1.6,9.6,13,26,63,0.81,0.09,0.90,0.67,0.76,0.47,0.07,0.54,0.36,0.43,Matches
536,Nathan Wood-Gordon,eng ENG,DF,Southampton,22-265,2002,9,7,624,6.9,0,0,0,0,0,0,2,0,0.2,0.2,0.0,0.3,2,17,0,0.00,0.00,0.00,0.00,0.00,0.03,0.00,0.04,0.03,0.04,Matches
537,Luke Woolfenden,eng ENG,DF,Ipswich Town,26-122,1998,10,8,782,8.7,0,0,0,0,0,0,2,0,0.0,0.0,0.0,0.0,4,13,0,0.00,0.00,0.00,0.00,0.00,0.00,0.00,0.00,0.00,0.00,Matches
538,Yehor Yarmoliuk,ua UKR,"MF,FW",Brentford,20-356,2004,19,6,641,7.1,0,0,0,0,0,0,2,0,0.5,0.5,0.2,0.7,11,28,35,0.00,0.00,0.00,0.00,0.00,0.08,0.02,0.10,0.08,0.10,Matches
539,Ryan Yates,eng ENG,MF,Nott'ham Forest,27-091,1997,22,15,1457,16.2,1,0,1,1,0,0,6,0,1.7,1.7,0.7,2.5,12,37,11,0.06,0.00,0.06,0.06,0.06,0.11,0.04,0.15,0.11,0.15,Matches
540,Leny Yoro,fr FRA,DF,Manchester Utd,19-099,2005,11,5,545,6.1,0,0,0,0,0,0,2,0,0.7,0.7,0.0,0.7,3,23,2,0.00,0.00,0.00,0.00,0.00,0.12,0.00,0.12,0.12,0.12,Matches
541,Ashley Young,eng ENG,DF,Everton,39-226,1985,22,17,1503,16.7,1,3,4,1,0,0,5,1,0.3,0.3,1.4,1.7,18,80,20,0.06,0.18,0.24,0.06,0.24,0.02,0.09,0.10,0.02,0.10,Matches
542,Illia Zabarnyi,ua UKR,DF,Bournemouth,22-172,2002,25,25,2250,25.0,0,0,0,0,0,0,3,0,0.8,0.8,0.5,1.3,18,92,3,0.00,0.00,0.00,0.00,0.00,0.03,0.02,0.05,0.03,0.05,Matches
543,Oleksandr Zinchenko,ua UKR,"DF,MF",Arsenal,28-067,1996,8,2,243,2.7,0,0,0,0,0,0,1,0,0.1,0.1,0.0,0.1,5,19,6,0.00,0.00,0.00,0.00,0.00,0.02,0.01,0.03,0.02,0.03,Matches
544,Joshua Zirkzee,nl NED,"FW,MF",Manchester Utd,23-274,2001,25,9,975,10.8,3,1,4,3,0,0,1,0,3.6,3.6,1.5,5.1,7,32,48,0.28,0.09,0.37,0.28,0.37,0.34,0.14,0.48,0.34,0.48,Matches
545,Martin Ødegaard,no NOR,MF,Arsenal,26-065,1998,17,16,1373,15.3,2,3,5,1,1,1,2,0,3.1,2.3,2.7,5.1,44,154,87,0.13,0.20,0.33,0.07,0.26,0.21,0.18,0.38,0.15,0.33,Matches
