Name,Team,Position,Price,Ownership %,Expected Goals,Expected Assists,Expected Goal Involvement (xGI),Total Points,Form,Points per Million (PPM),Minutes per Game,Future Points,Predicted Future Points
M.Salah,Liverpool,Midfielder,13.7,71.9,19.13,6.02,25.15,271,11.4,19.78,96.75,20,14.72
Marmoush,Man City,Forward,7.1,6.1,0.88,0.58,1.46,21,7.0,2.96,73.0,17,14.23
Minteh,Brighton,Midfielder,5.0,0.8,2.79,3.02,5.8100000000000005,64,5.7,12.8,81.85,15,11.8
Alexander-Arnold,Liverpool,Defender,7.4,32.6,1.28,6.41,7.69,121,5.0,16.35,78.1,13,10.71
Luis Díaz,Liverpool,Midfielder,7.5,17.5,6.87,2.19,9.06,121,4.2,16.13,55.22,13,10.63
Merino,Arsenal,Midfielder,6.0,0.4,2.98,0.71,3.69,52,4.7,8.67,70.5,13,10.28
Christie,Bournemouth,Midfielder,4.9,0.2,1.77,2.48,4.25,69,5.7,14.08,151.75,13,9.58
Ederson M.,Man City,Goalkeeper,5.3,4.7,0.0,0.02,0.02,60,6.3,11.32,151.2,11,9.48
Alcaraz,Everton,Midfielder,4.9,0.1,0.31,0.1,0.41000000000000003,15,3.5,3.06,24.97,13,9.29
Wood,Nott'm Forest,Forward,7.1,44.7,10.31,0.38,10.690000000000001,163,9.3,22.96,114.34,9,8.87
Tielemans,Aston Villa,Midfielder,5.5,1.3,2.39,4.56,6.949999999999999,78,3.8,14.18,108.2,12,8.72
Beto,Everton,Forward,4.9,2.8,3.49,0.07,3.56,50,7.8,10.2,89.08,8,8.54
Cunha,Wolves,Forward,6.8,8.8,5.76,4.12,9.879999999999999,132,6.0,19.41,89.32,9,8.44
Spence,Spurs,Defender,4.4,0.3,0.17,0.75,0.92,31,6.0,7.05,149.03,9,8.4
Kamaldeen,Southampton,Midfielder,5.0,0.0,0.73,0.2,0.9299999999999999,25,4.3,5.0,65.7,9,8.25
Schade,Brentford,Midfielder,5.1,1.0,5.2,0.97,6.17,94,7.3,18.43,95.29,9,8.03
Flekken,Brentford,Goalkeeper,4.4,8.9,0.0,0.07,0.07,80,4.3,18.18,113.14,10,8.01
Mitoma,Brighton,Midfielder,6.3,6.8,5.31,3.43,8.74,105,4.3,16.67,80.96,10,7.99
Verbruggen,Brighton,Goalkeeper,4.5,2.7,0.0,0.01,0.01,71,3.3,15.78,96.21,10,7.9
Maddison,Spurs,Midfielder,7.4,4.3,5.38,4.77,10.149999999999999,112,3.3,15.14,39.95,10,7.8
Arrizabalaga,Bournemouth,Goalkeeper,4.6,2.8,0.0,0.0,0.0,67,4.0,14.57,96.72,3,7.7
Mateta,Crystal Palace,Forward,7.3,8.4,10.64,2.06,12.700000000000001,110,7.3,15.07,129.34,7,7.6
Danso,Spurs,Defender,4.5,0.0,0.04,0.03,0.07,6,6.0,1.33,77.0,6,7.43
Vicario,Spurs,Goalkeeper,4.8,1.7,0.0,0.0,0.0,46,3.0,9.58,76.3,9,7.12
O.Dango,Bournemouth,Midfielder,5.1,3.7,6.51,2.46,8.969999999999999,93,10.0,18.24,142.15,7,7.08
Raya,Arsenal,Goalkeeper,5.5,26.1,0.0,0.01,0.01,100,6.3,18.18,141.75,7,7.03
Nwaneri,Arsenal,Midfielder,4.6,2.7,0.74,1.0,1.74,39,5.3,8.48,50.42,9,6.94
Ndiaye,Everton,Forward,5.5,4.0,3.58,1.03,4.61,81,4.2,14.73,97.17,0,6.91
Smith Rowe,Fulham,Midfielder,5.2,9.0,3.9,1.54,5.4399999999999995,89,4.3,17.12,73.1,9,6.86
Adams,Bournemouth,Midfielder,4.9,0.1,0.79,0.26,1.05,34,4.3,6.94,120.27,2,6.84
Delap,Ipswich,Forward,5.6,3.6,7.58,1.26,8.84,101,6.0,18.04,109.54,8,6.76
Palmer,Ipswich,Goalkeeper,4.5,0.0,0.0,0.0,0.0,4,4.0,0.89,90.0,4,6.65
Welbeck,Brighton,Forward,5.5,6.0,6.08,0.93,7.01,83,3.7,15.09,64.01,8,6.37
Muniz,Fulham,Forward,5.5,1.5,3.98,0.1,4.08,55,3.3,10.0,40.2,1,6.34
Haaland,Man City,Forward,14.7,27.4,18.3,1.66,19.96,154,7.7,10.48,110.5,5,6.26
Kluivert,Bournemouth,Midfielder,6.0,27.0,8.76,1.92,10.68,128,6.7,21.33,83.96,5,6.0
Bassey,Fulham,Defender,4.5,0.5,0.99,0.24,1.23,58,4.0,12.89,148.97,8,5.95
Saliba,Arsenal,Defender,6.2,22.1,1.88,0.81,2.69,93,5.7,15.0,123.13,6,5.94
Onuachu,Southampton,Forward,4.9,0.4,1.72,0.23,1.95,31,4.7,6.33,95.21,5,5.9
Savinho,Man City,Midfielder,6.2,2.4,3.55,5.25,8.8,83,3.7,13.39,56.03,6,5.85
Pedro Porro,Spurs,Defender,5.4,20.2,1.5,3.1,4.6,89,6.0,16.48,139.96,6,5.75
Tavernier,Bournemouth,Midfielder,5.4,0.2,4.48,2.18,6.66,61,4.3,11.3,84.24,5,5.71
Gibbs-White,Nott'm Forest,Midfielder,6.5,5.2,3.39,3.74,7.130000000000001,100,7.7,15.38,127.9,5,5.61
Gabriel,Arsenal,Defender,6.3,29.0,2.56,1.07,3.63,100,5.0,15.87,99.4,6,5.52
Diogo J.,Liverpool,Midfielder,7.2,2.6,6.16,1.04,7.2,68,1.8,9.44,19.91,8,5.5
J.Timber,Arsenal,Defender,5.6,4.5,0.75,1.04,1.79,79,4.0,14.11,93.42,6,5.49
Gvardiol,Man City,Defender,5.9,18.6,4.18,2.18,6.359999999999999,95,4.7,16.1,104.29,6,5.38
Trossard,Arsenal,Midfielder,6.9,3.4,3.45,2.66,6.11,91,3.7,13.19,62.57,6,5.32
Veltman,Brighton,Defender,4.4,1.7,0.47,1.29,1.76,58,2.3,13.18,65.11,6,5.3
Muñoz,Crystal Palace,Defender,4.8,7.7,3.53,2.27,5.8,89,5.3,18.54,123.51,1,5.27
Van Hecke,Brighton,Defender,4.5,0.9,0.75,1.06,1.81,59,2.3,13.11,76.8,6,5.14
Davies,Spurs,Defender,4.3,0.2,0.16,0.21,0.37,23,4.0,5.35,109.57,5,5.14
Bergvall,Spurs,Midfielder,4.4,1.1,0.4,0.52,0.92,26,3.0,5.91,76.15,6,5.09
Adama,Fulham,Midfielder,4.6,1.7,3.65,3.6,7.25,63,3.0,13.7,57.76,6,5.07
Szoboszlai,Liverpool,Midfielder,6.3,2.8,5.52,4.16,9.68,86,4.4,13.65,88.15,4,5.05
Lamptey,Brighton,Defender,4.4,0.4,0.38,0.37,0.75,32,2.3,7.27,43.56,6,4.85
Webster,Brighton,Defender,4.3,0.1,0.02,0.07,0.09000000000000001,15,2.3,3.49,39.1,6,4.83
Stones,Man City,Defender,5.3,1.1,0.6,0.17,0.77,29,2.7,5.47,50.65,7,4.8
Lewis,Man City,Defender,4.4,4.4,1.1,0.82,1.92,53,2.0,12.05,56.23,6,4.76
Mbeumo,Brentford,Midfielder,7.9,35.9,8.56,5.73,14.290000000000001,152,4.0,19.24,59.08,3,4.74
Bellegarde,Wolves,Midfielder,4.9,0.1,0.82,1.44,2.26,53,5.3,10.82,98.5,4,4.73
Semenyo,Bournemouth,Midfielder,5.7,8.8,7.24,3.23,10.47,106,5.0,18.6,99.34,4,4.67
Ajer,Brentford,Defender,4.4,0.2,0.57,0.32,0.8899999999999999,17,2.7,3.86,140.08,6,4.66
McAtee,Man City,Midfielder,4.6,0.1,1.34,0.03,1.37,18,2.3,3.91,12.52,6,4.54
Khusanov,Man City,Defender,5.0,0.1,0.02,0.01,0.03,6,2.0,1.2,47.67,6,4.52
Raúl,Fulham,Forward,5.6,8.5,9.14,1.65,10.790000000000001,105,5.0,18.75,75.81,5,4.51
De Cordova-Reid,Leicester,Midfielder,5.2,0.1,0.75,0.13,0.88,40,3.7,7.69,47.73,2,4.5
Tel,Spurs,Midfielder,6.0,0.2,0.72,0.06,0.78,3,3.0,0.5,90.0,3,4.42
Pickford,Everton,Goalkeeper,5.1,18.0,0.0,0.16,0.16,108,4.5,21.18,93.75,3,4.42
O'Brien,Everton,Defender,4.5,0.2,0.0,0.06,0.06,18,3.5,4.0,94.89,2,4.38
Watkins,Aston Villa,Forward,8.9,20.3,12.24,1.52,13.76,131,5.2,14.72,72.2,15,4.32
Bowen,West Ham,Midfielder,7.3,3.0,4.96,4.8,9.76,102,4.0,13.97,72.0,2,4.29
Digne,Aston Villa,Defender,4.6,8.5,0.8,3.07,3.87,68,2.0,14.78,55.65,5,4.27
Aribo,Southampton,Midfielder,4.9,0.1,2.54,1.16,3.7,60,5.0,12.24,128.67,3,4.25
Branthwaite,Everton,Defender,4.8,1.6,0.54,0.23,0.77,60,5.0,12.5,120.5,2,4.23
A.Becker,Liverpool,Goalkeeper,5.5,9.4,0.0,0.2,0.2,73,3.2,13.27,70.49,4,4.12
Rice,Arsenal,Midfielder,6.2,2.7,1.59,4.05,5.64,72,5.3,11.61,134.63,3,4.12
Mac Allister,Liverpool,Midfielder,6.2,2.0,2.18,3.7,5.880000000000001,75,3.4,12.1,85.63,4,4.1
Onana,Man Utd,Goalkeeper,5.0,6.0,0.0,0.19,0.19,87,3.7,17.4,95.69,4,4.1
Palmer,Chelsea,Midfielder,11.2,61.9,11.98,7.01,18.990000000000002,175,3.3,15.63,41.3,2,4.0
Calafiori,Arsenal,Defender,5.8,1.3,0.67,0.56,1.23,35,3.0,6.03,65.49,1,3.99
Tarkowski,Everton,Defender,4.8,2.9,1.06,1.93,2.99,88,6.5,18.33,165.53,2,3.87
Damsgaard,Brentford,Midfielder,5.0,1.4,2.21,4.39,6.6,92,4.0,18.4,81.83,2,3.83
Henderson,Crystal Palace,Goalkeeper,4.5,12.5,0.01,0.02,0.03,88,3.0,19.56,76.7,2,3.81
Sels,Nott'm Forest,Goalkeeper,5.0,17.8,0.0,0.06,0.06,110,4.0,22.0,81.82,3,3.81
N.Gonzalez,Man City,Midfielder,6.0,0.0,0.0,0.04,0.04,3,3.0,0.5,90.0,3,3.79
Guéhi,Crystal Palace,Defender,4.6,8.6,1.5,1.09,2.59,89,3.7,19.35,89.8,4,3.71
Tonali,Newcastle,Midfielder,5.5,0.5,3.15,1.14,4.29,50,4.0,9.09,123.76,2,3.68
Young,Everton,Defender,4.6,2.5,0.27,1.47,1.74,79,1.8,17.17,34.15,4,3.67
Maguire,Man Utd,Defender,4.9,0.6,0.61,0.21,0.82,26,3.3,5.31,149.01,2,3.64
José Sá,Wolves,Goalkeeper,4.3,1.8,0.0,0.01,0.01,50,3.3,11.63,106.92,1,3.64
Ødegaard,Arsenal,Midfielder,8.2,5.1,3.17,4.06,7.2299999999999995,63,3.0,7.68,65.29,3,3.55
Martinez,Aston Villa,Goalkeeper,5.0,12.5,0.0,0.01,0.01,69,2.0,13.8,66.52,4,3.5
Mings,Aston Villa,Defender,4.4,0.2,0.38,0.16,0.54,22,1.8,5.0,51.63,6,3.45
Gravenberch,Liverpool,Midfielder,5.0,0.8,0.86,2.95,3.81,63,2.2,12.6,77.7,4,3.38
Collins,Brentford,Defender,4.5,2.4,2.12,1.18,3.3,80,5.3,17.78,149.06,8,3.32
Son,Spurs,Midfielder,9.7,4.6,5.36,4.04,9.4,107,5.0,11.03,77.99,3,3.22
Isak,Newcastle,Forward,9.5,57.9,14.12,3.11,17.23,154,5.7,16.21,69.92,2,3.17
Foden,Man City,Midfielder,9.3,7.6,4.61,4.95,9.56,92,4.0,9.89,62.48,3,3.15
Thomas,Arsenal,Midfielder,4.9,0.8,1.57,1.63,3.2,79,4.7,16.12,114.53,3,3.13
Hutchinson,Ipswich,Midfielder,5.2,0.3,1.79,1.5,3.29,63,2.7,12.12,83.87,4,3.07
Areola,West Ham,Goalkeeper,4.2,3.7,0.0,0.0,0.0,27,2.7,6.43,117.9,3,2.97
M.Asensio,Aston Villa,Midfielder,6.0,0.3,0.37,0.09,0.45999999999999996,3,1.5,0.5,46.5,3,2.95
McGinn,Aston Villa,Midfielder,5.2,0.7,1.99,2.1,4.09,48,1.5,9.23,47.97,4,2.94
Sterling,Arsenal,Midfielder,6.7,0.8,0.9,0.21,1.11,15,1.3,2.24,24.35,3,2.92
Lewis-Potter,Brentford,Midfielder,5.0,0.1,2.31,3.41,5.720000000000001,66,2.0,13.2,60.82,3,2.89
Rogers,Aston Villa,Midfielder,5.7,28.7,4.54,3.22,7.76,101,1.5,17.72,30.89,4,2.89
Lacroix,Crystal Palace,Defender,4.5,0.8,2.02,0.54,2.56,76,3.7,16.89,96.15,1,2.88
Leno,Fulham,Goalkeeper,5.0,2.7,0.0,0.02,0.02,75,2.0,15.0,60.0,2,2.87
Elanga,Nott'm Forest,Midfielder,5.3,6.6,2.64,3.43,6.07,94,5.7,17.74,93.69,2,2.85
Georginio,Brighton,Midfielder,5.1,0.5,3.49,1.34,4.83,75,2.0,14.71,35.57,3,2.85
Robertson,Liverpool,Defender,5.9,4.4,0.55,3.47,4.0200000000000005,69,2.6,11.69,71.44,3,2.8
Malen,Aston Villa,Midfielder,5.5,0.2,0.31,0.04,0.35,5,1.2,0.91,37.2,3,2.79
J.Murphy,Newcastle,Midfielder,5.1,4.2,2.59,3.59,6.18,90,5.3,17.65,84.03,2,2.78
Dalot,Man Utd,Defender,5.0,5.5,1.69,1.69,3.38,65,3.3,13.0,107.94,2,2.77
Enzo,Chelsea,Midfielder,4.7,3.6,2.97,3.91,6.880000000000001,75,2.3,15.96,54.49,1,2.75
Zabarnyi,Bournemouth,Defender,4.4,0.7,0.81,0.41,1.22,66,2.7,15.0,92.05,2,2.73
Vardy,Leicester,Forward,5.4,5.3,8.41,2.14,10.55,92,4.0,17.04,81.13,2,2.71
Mykolenko,Everton,Defender,4.4,8.7,0.39,1.2,1.5899999999999999,74,3.8,16.82,102.81,2,2.7
Lewis-Skelly,Arsenal,Midfielder,4.5,0.4,0.04,0.24,0.27999999999999997,20,2.7,4.44,84.24,3,2.69
Gana,Everton,Midfielder,4.8,0.6,0.97,1.04,2.01,58,2.2,12.08,72.9,2,2.67
N.Williams,Nott'm Forest,Defender,4.4,2.2,1.6,0.53,2.13,68,4.7,15.45,98.01,1,2.65
Nørgaard,Brentford,Midfielder,4.8,0.2,2.4,0.6,3.0,55,2.0,11.46,64.91,3,2.59
Gakpo,Liverpool,Forward,7.6,18.8,5.4,2.71,8.11,94,4.6,12.37,66.6,0,2.58
Kulusevski,Spurs,Midfielder,6.3,4.7,3.87,3.88,7.75,100,2.7,15.87,55.03,3,2.55
Garnacho,Man Utd,Midfielder,5.9,4.7,5.57,1.34,6.91,63,2.3,10.68,51.22,2,2.53
Huijsen,Bournemouth,Defender,4.5,4.7,1.41,0.84,2.25,67,2.7,14.89,53.6,2,2.5
Martinez,Man Utd,Defender,4.4,2.9,1.33,1.21,2.54,68,5.7,15.45,146.78,0,2.48
Neto,Chelsea,Midfielder,6.2,0.6,1.28,2.09,3.37,49,3.3,7.9,79.94,2,2.47
Madueke,Chelsea,Midfielder,6.1,3.9,7.58,2.23,9.81,100,4.0,16.39,57.96,1,2.45
J.Ayew,Leicester,Midfielder,5.2,0.2,3.35,1.13,4.48,56,2.0,10.77,44.89,2,2.42
Janelt,Brentford,Midfielder,4.9,0.2,0.65,2.12,2.77,61,1.3,12.45,38.17,3,2.41
Bentancur,Spurs,Midfielder,4.9,0.1,0.88,0.71,1.5899999999999999,35,2.7,7.14,72.67,3,2.37
Hinshelwood,Brighton,Midfielder,4.9,0.0,0.79,0.75,1.54,32,1.3,6.53,39.49,3,2.35
André,Wolves,Midfielder,5.0,0.0,0.09,0.23,0.32,35,2.3,7.0,92.07,2,2.34
Mazraoui,Man Utd,Defender,4.3,9.0,0.46,1.37,1.83,63,3.3,14.65,100.68,2,2.32
Anderson,Nott'm Forest,Midfielder,5.0,0.3,1.11,2.82,3.9299999999999997,71,2.3,14.2,52.87,2,2.31
Kudus,West Ham,Midfielder,6.2,2.3,5.08,1.82,6.9,61,2.0,9.84,54.2,2,2.31
Castagne,Fulham,Defender,4.2,1.7,0.15,0.35,0.5,31,2.0,7.38,63.74,2,2.31
El Khannouss,Leicester,Midfielder,4.8,0.2,0.52,1.33,1.85,50,4.0,10.42,94.4,1,2.31
Wissa,Brentford,Forward,6.3,12.0,11.46,1.25,12.71,105,2.0,16.67,33.35,2,2.26
B.Soumaré,Leicester,Midfielder,4.4,0.4,0.21,0.64,0.85,24,2.0,5.45,106.75,2,2.26
Livramento,Newcastle,Defender,4.5,1.7,0.13,0.57,0.7,57,1.7,12.67,50.31,1,2.26
Iwobi,Fulham,Midfielder,5.7,5.4,3.19,5.17,8.36,109,2.0,19.12,38.68,2,2.25
A.Doucoure,Everton,Midfielder,5.1,0.3,1.79,0.73,2.52,51,2.5,10.0,86.81,0,2.23
Kerkez,Bournemouth,Defender,5.0,14.3,0.46,1.76,2.22,92,3.0,18.4,70.99,2,2.2
A. Garcia,Aston Villa,Defender,4.5,0.1,0.04,0.21,0.25,4,1.0,0.89,50.25,3,2.2
Danilo,Nott'm Forest,Midfielder,4.7,0.0,0.0,0.0,0.0,6,1.7,1.28,39.67,2,2.18
Jones,Liverpool,Midfielder,5.3,0.3,3.47,0.71,4.18,65,1.4,12.26,22.36,2,2.17
C.Richards,Crystal Palace,Defender,4.4,0.2,0.36,0.09,0.44999999999999996,35,2.7,7.95,82.23,1,2.17
B.Fernandes,Man Utd,Midfielder,8.3,8.3,7.86,4.59,12.45,106,2.0,12.77,38.02,2,2.16
Gordon,Newcastle,Midfielder,7.5,15.6,7.52,4.35,11.87,109,2.7,14.53,47.73,2,2.15
N.Semedo,Wolves,Defender,4.5,0.2,0.61,0.99,1.6,45,3.0,10.0,119.27,1,2.14
Robinson,Fulham,Defender,5.1,25.8,0.69,3.14,3.83,90,2.7,17.65,67.5,2,2.13
Ramsey,Aston Villa,Midfielder,5.4,0.6,1.19,1.64,2.83,43,3.2,7.96,79.33,2,2.1
Emerson,West Ham,Defender,4.4,0.6,1.6,1.89,3.49,58,4.3,13.18,124.18,1,2.09
Rashford,Aston Villa,Midfielder,6.6,4.4,1.83,2.18,4.01,63,2.2,9.55,37.92,9,2.08
P.M.Sarr,Spurs,Midfielder,4.8,0.2,2.42,0.54,2.96,50,2.7,10.42,68.74,1,2.07
Gündogan,Man City,Midfielder,6.3,0.4,1.59,2.95,4.54,46,2.7,7.3,83.58,6,2.07
L.Paquetá,West Ham,Midfielder,5.7,1.0,4.89,2.18,7.07,66,1.3,11.58,33.41,2,2.07
I.Sarr,Crystal Palace,Midfielder,5.6,1.9,4.64,4.19,8.83,84,2.3,15.0,45.95,2,2.06
Lindstrøm,Everton,Midfielder,5.0,0.1,2.13,1.88,4.01,35,2.0,7.0,58.17,2,2.03
Hughes,Crystal Palace,Midfielder,4.9,0.1,0.82,1.81,2.63,48,2.0,9.8,62.08,2,2.01
Iroegbunam,Everton,Midfielder,4.3,0.6,0.23,0.13,0.36,14,1.5,3.26,43.5,1,2.01
Højlund,Man Utd,Forward,6.9,1.0,2.35,0.79,3.14,46,1.3,6.67,33.8,2,1.99
Virgil,Liverpool,Defender,6.4,22.9,1.53,0.7,2.23,93,2.0,14.53,50.32,2,1.99
Cook,Bournemouth,Midfielder,5.0,0.2,0.62,2.9,3.52,60,1.7,12.0,57.54,1,1.99
Townsend,Ipswich,Defender,3.9,0.6,0.0,0.15,0.15,4,1.0,1.03,34.0,2,1.98
Cucurella,Chelsea,Defender,5.1,6.0,1.55,1.8,3.35,60,1.3,11.76,41.06,1,1.96
Toti,Wolves,Defender,4.3,0.2,0.03,0.38,0.41000000000000003,42,2.7,9.77,92.76,1,1.96
Harrison,Everton,Midfielder,5.2,0.1,2.37,1.5,3.87,39,1.2,7.5,35.38,2,1.95
Ramsdale,Southampton,Goalkeeper,4.4,1.2,0.0,0.03,0.03,51,1.7,11.59,51.0,2,1.94
Nkunku,Chelsea,Midfielder,5.7,2.0,4.24,0.51,4.75,40,1.3,7.02,17.42,2,1.94
Sancho,Chelsea,Midfielder,6.2,1.0,1.5,2.25,3.75,59,1.7,9.52,33.94,2,1.94
Ugochukwu,Southampton,Midfielder,4.4,0.4,0.35,0.39,0.74,21,1.7,4.77,63.63,1,1.92
Lukić,Fulham,Midfielder,4.8,0.1,0.82,1.09,1.9100000000000001,39,2.0,8.12,81.33,2,1.91
De Ligt,Man Utd,Defender,4.9,3.2,1.93,0.24,2.17,50,1.3,10.2,42.51,2,1.91
Cajuste,Ipswich,Midfielder,4.5,0.2,0.17,0.28,0.45000000000000007,32,1.3,7.11,45.58,2,1.9
Aït-Nouri,Wolves,Defender,4.7,4.8,1.59,1.6,3.1900000000000004,69,3.3,14.68,97.85,1,1.9
Konaté,Liverpool,Defender,5.2,7.6,1.03,0.78,1.81,68,2.6,13.08,62.09,1,1.9
Brooks,Bournemouth,Midfielder,4.9,0.0,1.66,1.41,3.07,39,2.7,7.96,43.41,3,1.87
Zirkzee,Man Utd,Forward,6.5,1.5,3.46,0.99,4.45,54,1.3,8.31,23.09,2,1.85
Jørgensen,Chelsea,Goalkeeper,4.2,0.4,0.0,0.0,0.0,10,1.7,2.38,61.2,2,1.85
Mavropanos,West Ham,Defender,4.3,0.1,1.0,0.38,1.38,32,1.0,7.44,46.53,2,1.83
Kilman,West Ham,Defender,4.3,1.1,1.44,0.82,2.26,48,1.7,11.16,77.14,2,1.83
Bree,Southampton,Defender,3.9,0.5,0.11,0.53,0.64,15,2.3,3.85,115.15,1,1.81
Andersen,Fulham,Defender,4.2,3.8,0.36,0.31,0.6699999999999999,34,1.7,8.1,75.15,2,1.79
Garner,Everton,Midfielder,4.9,0.0,0.09,0.64,0.73,17,2.5,3.47,76.47,1,1.76
O'Shea,Ipswich,Defender,4.0,1.4,0.83,0.17,1.0,31,1.0,7.75,62.97,2,1.76
Murillo,Nott'm Forest,Defender,4.7,3.6,1.08,0.9,1.98,87,2.0,18.51,48.69,1,1.74
M.Fernandes,Southampton,Midfielder,5.0,0.0,3.15,2.56,5.71,54,1.7,10.8,57.61,2,1.74
Berge,Fulham,Midfielder,5.0,0.0,0.16,0.37,0.53,35,2.0,7.0,75.2,2,1.74
Álvarez,West Ham,Midfielder,5.0,0.1,0.31,0.74,1.05,27,2.0,5.4,97.63,2,1.73
J.Gomes,Wolves,Midfielder,4.9,0.2,1.78,1.99,3.77,59,0.3,12.04,9.83,2,1.69
Coufal,West Ham,Defender,4.1,0.4,0.27,0.8,1.07,18,1.7,4.39,68.85,0,1.66
C.Soler,West Ham,Midfielder,5.0,0.0,1.21,1.21,2.42,35,1.7,7.0,50.03,1,1.66
Aina,Nott'm Forest,Defender,5.4,29.0,0.56,1.36,1.9200000000000002,109,2.7,20.19,53.78,1,1.64
Maatsen,Aston Villa,Defender,4.5,1.3,0.24,1.65,1.89,21,1.0,4.67,23.9,2,1.63
Bednarek,Southampton,Defender,4.0,3.1,0.65,0.78,1.4300000000000002,45,3.0,11.25,124.8,1,1.63
Morato,Nott'm Forest,Defender,4.5,0.1,0.1,0.02,0.12000000000000001,33,2.0,7.33,35.76,1,1.61
Lerma,Crystal Palace,Midfielder,4.8,0.0,0.78,1.29,2.0700000000000003,32,2.0,6.67,83.5,1,1.61
Greaves,Ipswich,Defender,3.9,4.5,0.68,0.09,0.77,30,2.7,7.69,121.5,1,1.6
Gray,Spurs,Midfielder,4.6,0.2,0.03,0.09,0.12,28,2.0,6.09,69.64,1,1.59
Caicedo,Chelsea,Midfielder,4.9,1.1,0.55,1.72,2.27,64,1.3,13.06,44.46,1,1.57
Ndidi,Leicester,Midfielder,4.9,0.2,1.64,1.13,2.7699999999999996,39,0.7,7.96,23.33,2,1.57
Wan-Bissaka,West Ham,Defender,4.4,4.1,0.97,1.6,2.5700000000000003,65,1.0,14.77,31.91,2,1.56
Bradley,Liverpool,Defender,4.7,0.3,0.49,0.26,0.75,16,0.8,3.4,18.2,2,1.55
Walker-Peters,Southampton,Defender,4.3,0.3,0.49,2.06,2.55,41,1.3,9.53,65.0,1,1.55
Jebbison,Bournemouth,Forward,4.5,1.2,0.21,0.12,0.32999999999999996,6,1.0,1.33,9.17,1,1.54
Kinsky,Spurs,Goalkeeper,4.5,0.3,0.0,0.01,0.01,12,2.7,2.67,81.0,0,1.54
Baleba,Brighton,Midfielder,5.0,0.1,1.36,0.6,1.96,53,1.3,10.6,39.32,3,1.54
Johnson,Ipswich,Defender,3.9,2.1,0.4,0.39,0.79,16,1.0,4.1,57.0,2,1.54
Sarabia,Wolves,Midfielder,5.0,0.1,2.41,0.83,3.24,22,2.7,4.4,57.44,1,1.54
Sangaré,Nott'm Forest,Midfielder,4.3,1.1,0.02,0.06,0.08,9,1.7,2.09,46.66,1,1.51
Jota Silva,Nott'm Forest,Midfielder,5.9,0.1,1.01,1.81,2.8200000000000003,36,2.7,6.1,52.43,1,1.49
Dúbravka,Newcastle,Goalkeeper,4.3,3.1,0.0,0.0,0.0,44,1.7,10.23,34.77,1,1.45
Disasi,Aston Villa,Defender,4.2,0.5,0.29,0.34,0.63,24,0.5,5.71,11.31,2,1.45
Andreas,Fulham,Midfielder,4.9,0.9,3.04,3.19,6.23,55,1.7,11.22,39.47,1,1.44
Enciso,Ipswich,Midfielder,5.4,0.1,1.49,0.53,2.02,20,2.0,3.7,40.1,1,1.44
S.Bueno,Wolves,Defender,4.3,0.1,0.45,0.08,0.53,32,1.3,7.44,55.29,1,1.43
Mitchell,Crystal Palace,Defender,4.8,1.9,0.63,2.89,3.52,79,2.7,16.46,73.41,1,1.43
Kamara,Aston Villa,Midfielder,5.0,0.0,0.27,0.31,0.5800000000000001,29,1.5,5.8,54.21,1,1.43
Darwin,Liverpool,Forward,7.0,2.2,4.04,0.35,4.39,49,1.0,7.0,18.1,2,1.41
Esse,Crystal Palace,Midfielder,5.0,0.1,0.32,0.0,0.32,8,2.7,1.6,2.36,0,1.4
Kovačić,Man City,Midfielder,5.4,1.2,1.39,2.51,3.8999999999999995,75,1.3,13.89,26.8,1,1.4
Agbadou,Wolves,Defender,4.0,0.1,0.03,0.03,0.06,9,2.7,2.25,126.0,0,1.36
Doherty,Wolves,Defender,4.3,0.3,1.04,0.83,1.87,43,2.7,10.0,78.3,0,1.36
Van den Berg,Brentford,Defender,4.1,2.6,0.8,0.44,1.24,37,1.3,9.02,61.7,1,1.35
Guedes,Wolves,Midfielder,5.3,0.1,2.18,0.59,2.77,53,1.7,10.0,23.35,1,1.35
Bruno G.,Newcastle,Midfielder,6.1,2.1,2.28,4.09,6.369999999999999,88,1.7,14.43,41.73,1,1.35
Doyle,Wolves,Midfielder,4.7,0.0,0.55,0.34,0.8900000000000001,24,1.0,5.11,19.08,1,1.32
Milenković,Nott'm Forest,Defender,4.8,8.1,3.1,0.53,3.63,93,2.3,19.38,53.42,1,1.31
Matheus N.,Man City,Midfielder,4.9,0.1,0.53,2.11,2.6399999999999997,40,2.7,8.16,60.08,1,1.3
Eze,Crystal Palace,Midfielder,6.7,7.6,4.98,2.97,7.950000000000001,75,1.3,11.19,28.7,1,1.23
Richarlison,Spurs,Forward,6.8,0.4,1.17,0.58,1.75,20,2.3,2.94,31.62,0,1.22
Kamada,Crystal Palace,Midfielder,5.1,0.1,0.7,0.99,1.69,29,1.7,5.69,54.34,1,1.22
Faes,Leicester,Defender,3.9,6.4,1.14,0.35,1.4899999999999998,31,1.0,7.95,55.87,1,1.21
Scarles,West Ham,Defender,4.0,0.0,0.09,0.02,0.11,7,1.0,1.75,22.29,1,1.18
Bissouma,Spurs,Midfielder,4.8,0.2,0.48,0.46,0.94,42,1.3,8.75,32.22,1,1.17
Phillips,Ipswich,Midfielder,4.8,0.1,0.39,0.32,0.71,21,1.0,4.38,45.1,1,1.16
Hermansen,Leicester,Goalkeeper,4.4,0.4,0.0,0.02,0.02,41,1.0,9.32,38.41,2,1.15
Amad,Man Utd,Midfielder,5.5,14.6,4.12,3.42,7.54,107,1.7,19.45,25.28,0,1.12
Willock,Newcastle,Midfielder,4.7,0.1,0.87,0.68,1.55,30,1.0,6.38,21.8,1,1.11
Dorgu,Man Utd,Defender,4.5,0.1,0.03,0.06,0.09,1,1.0,0.22,90.0,1,1.11
Kristiansen,Leicester,Defender,4.4,0.1,0.1,1.59,1.6900000000000002,28,1.0,6.36,69.18,1,1.11
Buonanotte,Leicester,Midfielder,4.7,0.6,3.28,1.98,5.26,59,0.3,12.55,5.82,1,1.09
Justin,Leicester,Defender,4.1,1.5,1.37,0.48,1.85,44,1.0,10.73,45.91,1,1.06
Havertz,Arsenal,Forward,7.8,6.6,9.39,1.63,11.02,96,4.7,12.31,90.03,0,1.06
Adingra,Brighton,Midfielder,5.1,0.3,1.43,1.43,2.86,36,0.7,7.06,11.49,1,1.05
Mavididi,Leicester,Midfielder,5.0,0.3,1.56,3.09,4.65,56,0.7,11.2,16.24,1,1.05
Colwill,Chelsea,Defender,4.4,3.0,0.54,1.1,1.6400000000000001,50,1.0,11.36,41.4,1,1.03
Casemiro,Man Utd,Midfielder,4.7,0.4,1.25,1.73,2.98,33,0.3,7.02,8.39,1,1.03
Obi,Man Utd,Forward,4.5,0.0,0.0,0.0,0.0,1,1.0,0.22,1.0,1,1.02
Hirst,Ipswich,Forward,5.4,0.0,0.97,0.1,1.07,22,1.0,4.07,9.95,1,1.02
Munetsi,Wolves,Midfielder,5.0,0.0,0.6,0.01,0.61,1,1.0,0.2,45.0,1,1.02
Chalobah,Chelsea,Defender,4.4,1.2,1.42,0.56,1.98,65,1.0,14.77,20.48,1,1.02
Martinelli,Arsenal,Midfielder,6.6,2.3,4.04,2.96,7.0,89,2.7,13.48,44.05,0,1.01
Kayode,Brentford,Defender,4.5,0.0,0.0,0.06,0.06,2,1.0,0.44,7.5,1,1.0
Miley,Newcastle,Midfielder,5.0,0.0,0.41,0.03,0.43999999999999995,6,1.0,1.2,12.83,1,0.99
Mainoo,Man Utd,Midfielder,5.2,1.9,0.6,1.22,1.8199999999999998,32,1.0,6.15,40.06,0,0.98
Hall,Newcastle,Defender,5.0,23.1,0.43,3.49,3.9200000000000004,92,1.0,18.4,21.83,0,0.97
N.Jackson,Chelsea,Forward,7.7,7.8,10.71,1.65,12.360000000000001,108,2.0,14.03,32.13,0,0.97
Daka,Leicester,Forward,4.8,0.7,0.5,0.03,0.53,20,1.0,4.17,15.05,1,0.96
Bailey,Aston Villa,Midfielder,6.2,0.9,1.45,2.87,4.32,44,1.0,7.1,23.36,0,0.95
Nketiah,Crystal Palace,Forward,5.9,0.5,1.85,0.52,2.37,27,0.7,4.58,16.15,1,0.94
Jensen,Brentford,Midfielder,5.3,0.1,0.23,1.15,1.38,27,1.0,5.09,26.41,1,0.94
Willian,Fulham,Midfielder,5.0,0.0,0.0,0.07,0.07,1,1.0,0.2,1.0,1,0.93
Ayari,Brighton,Midfielder,5.0,0.0,1.49,1.86,3.35,37,1.0,7.4,34.32,1,0.93
Yarmoliuk,Brentford,Midfielder,4.4,2.6,0.54,0.35,0.89,23,0.7,5.23,19.11,1,0.92
James,Chelsea,Defender,4.8,0.8,0.16,0.55,0.7100000000000001,21,1.0,4.38,24.14,1,0.91
Cash,Aston Villa,Defender,4.4,1.0,0.23,0.97,1.2,39,0.8,8.86,26.28,1,0.9
Hudson-Odoi,Nott'm Forest,Midfielder,5.2,1.0,2.02,1.9,3.92,71,0.3,13.65,6.54,1,0.9
Sugawara,Southampton,Defender,4.2,0.2,0.39,1.88,2.27,37,0.7,8.81,22.8,1,0.9
Chilwell,Crystal Palace,Defender,4.6,0.5,0.05,0.25,0.3,1,0.3,0.22,9.0,1,0.9
Ward-Prowse,West Ham,Midfielder,6.1,0.5,0.1,1.0,1.1,16,0.3,2.62,8.57,1,0.9
Dibling,Southampton,Midfielder,4.5,1.7,2.12,1.22,3.34,46,0.3,10.22,8.21,1,0.89
Carvalho,Brentford,Midfielder,4.5,0.5,2.4,0.52,2.92,29,0.7,6.44,10.26,1,0.89
Doku,Man City,Midfielder,6.2,1.3,0.77,1.81,2.58,59,0.3,9.52,4.05,1,0.87
O'Riley,Brighton,Midfielder,5.5,0.0,1.15,1.24,2.3899999999999997,25,1.0,4.55,18.72,1,0.87
Longstaff,Newcastle,Midfielder,4.5,0.4,0.6,0.22,0.82,28,0.7,6.22,18.25,1,0.87
Devenny,Crystal Palace,Midfielder,4.5,0.1,0.49,0.31,0.8,20,0.7,4.44,10.74,1,0.85
Wilson,Newcastle,Forward,6.9,0.1,0.0,0.0,0.0,4,0.3,0.58,5.55,1,0.85
Hee Chan,Wolves,Midfielder,6.1,0.2,0.79,0.35,1.1400000000000001,33,1.7,5.41,31.37,0,0.83
Konsa,Aston Villa,Defender,4.4,5.7,0.59,0.41,1.0,50,0.8,11.36,30.42,0,0.82
Johnson,Spurs,Midfielder,6.2,1.8,8.41,1.24,9.65,90,0.3,14.52,5.05,1,0.82
Bogarde,Aston Villa,Defender,4.0,0.3,0.04,0.12,0.16,5,0.5,1.25,35.2,1,0.82
Endo,Liverpool,Midfielder,4.6,0.1,0.0,0.04,0.04,11,0.6,2.39,5.4,1,0.79
Okoli,Leicester,Defender,4.0,0.6,0.14,0.1,0.24000000000000002,19,0.7,4.75,33.86,1,0.78
Wharton,Crystal Palace,Midfielder,4.7,0.1,0.22,0.67,0.89,17,0.7,3.62,27.51,1,0.78
Eriksen,Man Utd,Midfielder,5.2,0.2,0.12,1.56,1.6800000000000002,24,0.3,4.62,7.9,0,0.78
Odobert,Spurs,Midfielder,5.3,0.0,0.42,0.08,0.5,7,0.3,1.32,6.99,1,0.77
Pinnock,Brentford,Defender,4.4,0.3,0.87,0.63,1.5,34,0.3,7.73,12.97,1,0.77
Gómez,Brighton,Midfielder,5.5,0.0,0.0,0.02,0.02,3,0.7,0.55,14.47,1,0.76
Dewsbury-Hall,Chelsea,Midfielder,5.5,0.1,0.22,0.19,0.41000000000000003,12,0.3,2.18,3.92,1,0.75
Woolfenden,Ipswich,Defender,4.0,1.3,0.03,0.02,0.05,14,0.3,3.5,16.76,1,0.73
Tierney,Arsenal,Defender,4.3,0.0,0.0,0.23,0.23,3,0.7,0.7,3.97,1,0.73
Gusto,Chelsea,Defender,4.9,1.5,1.29,1.33,2.62,33,1.0,6.73,41.24,1,0.73
George,Chelsea,Midfielder,4.5,0.0,0.06,0.0,0.06,1,0.3,0.22,9.3,1,0.72
O’Reilly,Man City,Midfielder,4.9,0.0,0.03,0.0,0.03,2,0.3,0.41,3.15,1,0.72
João Pedro,Brighton,Forward,5.5,11.2,4.36,2.18,6.540000000000001,81,1.0,14.73,16.75,1,0.71
De Bruyne,Man City,Midfielder,9.3,3.9,2.54,4.45,6.99,72,0.7,7.74,9.77,0,0.71
Stephens,Southampton,Defender,4.0,0.4,0.28,0.2,0.48000000000000004,11,0.3,2.75,21.9,0,0.69
Sinisterra,Bournemouth,Midfielder,4.8,0.1,1.09,0.91,2.0,20,0.3,4.17,3.07,1,0.69
Krafth,Newcastle,Defender,4.3,0.1,0.04,0.03,0.07,11,0.3,2.56,6.57,1,0.69
Pedro Lima,Wolves,Defender,3.9,1.4,0.0,0.09,0.09,1,0.3,0.26,17.7,1,0.68
Scott,Bournemouth,Midfielder,4.7,0.0,0.17,0.27,0.44000000000000006,12,0.3,2.55,6.78,1,0.67
Jaden,Ipswich,Midfielder,5.3,0.0,0.46,0.21,0.67,13,1.0,2.45,35.15,0,0.65
Morsy,Ipswich,Midfielder,4.9,0.1,0.31,1.0,1.31,51,1.3,10.41,48.48,0,0.64
J.Clarke,Ipswich,Midfielder,5.4,0.0,0.83,0.71,1.54,30,0.7,5.56,14.51,1,0.64
Winks,Leicester,Midfielder,4.4,5.8,0.21,1.5,1.71,37,1.0,8.41,39.38,0,0.63
Vestergaard,Leicester,Defender,3.9,1.8,0.04,0.08,0.12,11,0.7,2.82,80.12,0,0.62
Luongo,Ipswich,Midfielder,4.4,0.2,0.0,0.01,0.01,9,0.3,2.05,5.97,1,0.61
L.Guilherme,West Ham,Midfielder,4.6,0.0,0.03,0.12,0.15,7,0.7,1.52,5.0,1,0.6
Ferguson,West Ham,Forward,5.5,0.3,0.69,0.63,1.3199999999999998,20,0.3,3.64,3.93,1,0.56
Manning,Southampton,Defender,4.3,0.1,0.14,1.67,1.81,16,0.3,3.72,14.34,1,0.49
R.Gomes,Wolves,Midfielder,5.1,0.1,0.37,0.64,1.01,28,0.7,5.49,14.0,0,0.47
Quansah,Liverpool,Defender,3.9,1.2,0.0,0.14,0.14,6,0.4,1.54,18.07,2,0.45
Irving,West Ham,Midfielder,4.7,0.0,0.13,0.12,0.25,8,0.7,1.7,14.0,0,0.42
Davis,Ipswich,Defender,4.4,1.4,0.84,3.65,4.49,48,0.3,10.91,13.2,0,0.42
Schär,Newcastle,Defender,5.4,1.5,1.7,0.77,2.4699999999999998,58,1.0,10.74,30.72,0,0.41
Reed,Fulham,Midfielder,4.7,0.0,0.14,0.09,0.23,7,0.3,1.49,2.66,1,0.37
Coulibaly,Leicester,Defender,4.0,0.0,0.0,0.03,0.03,2,0.7,0.5,21.7,0,0.36
Burns,Ipswich,Midfielder,4.8,0.0,0.5,1.17,1.67,30,0.3,6.25,9.22,0,0.36
Broadhead,Ipswich,Midfielder,4.9,0.0,1.01,0.9,1.9100000000000001,13,1.0,2.65,28.77,0,0.35
Scarlett,Spurs,Forward,4.4,0.4,0.0,0.0,0.0,1,0.3,0.23,3.3,0,0.33
Ugarte,Man Utd,Midfielder,4.9,0.1,0.36,0.46,0.8200000000000001,21,1.0,4.29,51.1,0,0.32
G.Rodríguez,West Ham,Midfielder,4.8,0.1,0.22,0.12,0.33999999999999997,28,0.3,5.83,10.87,0,0.32
Akanji,Man City,Defender,5.3,2.5,0.7,1.09,1.79,44,0.7,8.3,27.16,0,0.31
Taylor,Ipswich,Midfielder,4.8,0.0,0.55,0.71,1.26,23,0.7,4.79,12.33,1,0.31
Trippier,Newcastle,Defender,5.6,3.3,0.03,0.54,0.5700000000000001,25,0.3,4.46,6.92,0,0.3
Yates,Nott'm Forest,Midfielder,4.8,0.1,1.74,0.4,2.14,46,0.3,9.58,9.46,0,0.29
Roerslev,Brentford,Defender,4.3,0.1,0.2,2.09,2.29,36,0.7,8.37,21.39,0,0.29
Wilson,Fulham,Midfielder,5.2,0.3,3.29,0.94,4.23,63,0.3,12.12,3.95,0,0.29
Moore,Spurs,Midfielder,4.5,0.2,0.2,0.55,0.75,14,0.7,3.11,9.0,0,0.28
Harwood-Bellis,Southampton,Defender,4.0,6.4,1.55,0.5,2.05,39,0.7,9.75,33.99,0,0.27
Patterson,Everton,Defender,4.4,0.0,0.07,0.3,0.37,7,0.5,1.59,8.86,0,0.26
Tosin,Chelsea,Defender,4.2,0.3,0.79,0.11,0.9,32,0.7,7.62,17.94,0,0.26
Skipp,Leicester,Midfielder,4.7,0.0,0.13,0.28,0.41000000000000003,18,0.3,3.83,12.62,0,0.26
Stolarczyk,Leicester,Goalkeeper,4.0,0.6,0.0,0.0,0.0,10,0.7,2.5,37.8,0,0.25
Sessegnon,Fulham,Defender,4.1,0.1,0.0,0.0,0.0,4,0.7,0.98,2.98,1,0.25
Gruda,Brighton,Midfielder,5.4,0.0,0.27,0.5,0.77,14,0.3,2.59,7.76,0,0.25
Fraser,Southampton,Midfielder,4.8,0.0,0.02,0.1,0.12000000000000001,7,0.3,1.46,12.99,0,0.24
Awoniyi,Nott'm Forest,Forward,5.5,0.3,2.04,0.11,2.15,24,0.7,4.36,7.15,0,0.24
Joelinton,Newcastle,Midfielder,6.0,1.2,3.43,1.67,5.1,76,1.0,12.67,25.2,0,0.24
Dominguez,Nott'm Forest,Midfielder,4.8,0.0,1.22,0.89,2.11,27,0.7,5.62,28.93,0,0.24
Diop,Fulham,Defender,4.4,0.2,0.51,0.03,0.54,26,0.3,5.91,12.32,0,0.24
Boly,Nott'm Forest,Defender,4.2,0.1,0.07,0.0,0.07,5,0.3,1.19,7.86,0,0.23
Silcott-Duberry,Bournemouth,Midfielder,4.5,0.0,0.0,0.0,0.0,1,0.3,0.22,0.3,0,0.23
Archer,Southampton,Forward,5.0,1.4,4.75,0.53,5.28,41,0.7,8.2,17.77,1,0.23
Lankshear,Spurs,Forward,4.5,1.3,0.0,0.0,0.0,3,0.3,0.67,1.0,0,0.22
Kelly,Newcastle,Defender,4.2,0.1,0.41,0.11,0.52,12,0.3,2.86,7.47,0,0.22
Marc Guiu,Chelsea,Forward,4.7,0.5,0.0,0.02,0.02,3,0.3,0.64,7.1,0,0.22
Bernardo,Man City,Midfielder,6.2,2.7,2.82,3.27,6.09,72,1.0,11.61,26.58,0,0.22
Orford,West Ham,Midfielder,4.5,0.0,0.03,0.04,0.07,2,0.3,0.44,7.05,0,0.21
Valdimarsson,Brentford,Goalkeeper,3.9,4.3,0.0,0.0,0.0,2,0.3,0.51,21.6,0,0.21
Osula,Newcastle,Forward,4.9,0.2,0.0,0.02,0.02,9,0.3,1.84,1.47,0,0.21
Mangala,Everton,Midfielder,5.0,0.0,1.13,0.59,1.7199999999999998,39,0.8,7.8,25.78,0,0.21
Grønbæk,Southampton,Midfielder,5.0,0.0,0.12,0.0,0.12,2,0.7,0.4,24.15,0,0.21
Coady,Leicester,Defender,4.0,0.3,0.0,0.45,0.45,8,0.3,2.0,26.81,0,0.21
Burn,Newcastle,Defender,4.4,6.8,1.1,0.69,1.79,66,0.7,15.0,22.91,0,0.2
Ings,West Ham,Forward,4.9,1.3,2.25,0.06,2.31,31,0.7,6.33,5.96,0,0.2
Cresswell,West Ham,Defender,3.9,1.6,0.11,0.5,0.61,9,0.7,2.31,22.56,0,0.19
Dragusin,Spurs,Defender,4.3,0.2,0.13,0.16,0.29000000000000004,24,0.3,5.58,15.62,0,0.19
McCarthy,Southampton,Goalkeeper,4.3,0.1,0.0,0.0,0.0,12,0.7,2.79,26.25,0,0.19
Welington,Southampton,Defender,4.0,0.0,0.0,0.14,0.14,1,0.3,0.25,37.5,0,0.19
Collyer,Man Utd,Midfielder,4.5,0.1,0.0,0.02,0.02,4,0.3,0.89,9.07,0,0.19
Almirón,Newcastle,Midfielder,5.4,0.3,0.52,0.19,0.71,10,0.3,1.85,4.5,0,0.19
Muric,Ipswich,Goalkeeper,4.4,0.8,0.0,0.01,0.01,49,0.3,11.14,9.92,0,0.14
Cairney,Fulham,Midfielder,4.8,0.0,0.15,0.92,1.07,20,0.3,4.17,5.77,0,0.14
Yoro,Man Utd,Defender,4.3,0.2,0.7,0.03,0.73,10,0.7,2.33,37.8,0,0.13
Armstrong,Southampton,Forward,5.1,0.8,3.28,0.56,3.84,45,0.3,8.82,8.31,0,0.12
Sánchez,Chelsea,Goalkeeper,4.6,8.7,0.0,0.01,0.01,74,0.7,16.09,17.88,0,0.11
Clyne,Crystal Palace,Defender,4.3,0.1,0.01,0.13,0.14,16,0.3,3.72,7.35,0,0.11
Smallbone,Southampton,Midfielder,5.0,0.0,0.31,0.64,0.95,10,0.7,2.0,25.97,0,0.11
Souček,West Ham,Midfielder,4.9,1.5,3.89,1.18,5.07,76,1.0,15.51,23.0,0,0.11
Strand Larsen,Wolves,Forward,5.2,1.1,6.14,0.55,6.6899999999999995,84,0.3,16.15,6.55,0,0.09
Malacia,Man Utd,Defender,4.4,0.0,0.0,0.02,0.02,2,0.3,0.45,14.85,0,0.07
Mee,Brentford,Defender,4.2,0.3,0.0,0.02,0.02,8,0.3,1.9,6.56,0,0.07
Lallana,Southampton,Midfielder,5.0,0.0,0.15,0.48,0.63,16,0.7,3.2,14.57,0,0.05
Foderingham,West Ham,Goalkeeper,4.3,0.1,0.0,0.0,0.0,0,0.0,0.0,1.0,0,0.0
N.Aguerd,West Ham,Defender,4.4,0.0,0.0,0.0,0.0,0,0.0,0.0,1.0,0,0.0
Ahamada,Crystal Palace,Midfielder,4.5,0.1,0.0,0.0,0.0,0,0.0,0.0,1.0,0,0.0
C.Doucouré,Crystal Palace,Midfielder,4.9,0.0,0.4,0.11,0.51,19,0.0,3.88,1.0,0,0.0
Chadi Riad,Crystal Palace,Defender,4.3,0.0,0.0,0.02,0.02,1,0.0,0.23,1.0,0,0.0
Ebiowei,Crystal Palace,Midfielder,4.5,0.0,0.0,0.0,0.0,0,0.0,0.0,1.0,0,0.0
Forbs,Wolves,Midfielder,5.4,0.0,0.15,0.1,0.25,8,0.0,1.48,1.0,0,0.0
Pond,Wolves,Defender,3.9,0.9,0.0,0.0,0.0,1,0.0,0.26,1.0,0,0.0
Edozie,Wolves,Midfielder,4.5,0.0,0.0,0.0,0.0,0,0.0,0.0,1.0,0,0.0
Okoduwa,Wolves,Defender,4.0,0.0,0.0,0.0,0.0,0,0.0,0.0,1.0,0,0.0
Fábio Vieira,Arsenal,Midfielder,5.4,0.0,0.0,0.0,0.0,0,0.0,0.0,1.0,0,0.0
Djiga,Wolves,Defender,4.5,0.0,0.0,0.0,0.0,0,0.0,0.0,1.0,0,0.0
Mosquera,Wolves,Defender,3.8,0.7,0.33,0.03,0.36,3,0.0,0.79,1.0,0,0.0
Fábio Silva,Wolves,Forward,5.0,0.1,0.0,0.0,0.0,0,0.0,0.0,1.0,0,0.0
Fraser,Wolves,Forward,4.5,1.1,0.0,0.0,0.0,0,0.0,0.0,1.0,0,0.0
Gonzalez,Wolves,Midfielder,4.4,0.0,0.0,0.0,0.0,0,0.0,0.0,1.0,0,0.0
H.Bueno,Wolves,Defender,4.5,0.0,0.0,0.0,0.0,0,0.0,0.0,1.0,0,0.0
Hodge,Wolves,Midfielder,4.5,0.2,0.0,0.0,0.0,0,0.0,0.0,1.0,0,0.0
Hoever,Wolves,Defender,4.0,0.1,0.0,0.0,0.0,0,0.0,0.0,1.0,0,0.0
Tomiyasu,Arsenal,Defender,4.8,0.0,0.18,0.0,0.18,1,0.0,0.21,1.0,0,0.0
White,Arsenal,Defender,6.1,2.1,0.13,0.32,0.45,27,0.0,4.43,1.0,0,0.0
Zinchenko,Arsenal,Defender,4.8,0.9,0.06,0.08,0.14,17,0.0,3.54,1.0,0,0.0
Nelson,Fulham,Midfielder,5.0,0.0,1.07,0.96,2.0300000000000002,27,0.0,5.4,1.0,0,0.0
Benda,Fulham,Goalkeeper,3.9,0.4,0.0,0.0,0.0,0,0.0,0.0,1.0,0,0.0
Chirewa,Wolves,Midfielder,4.5,0.0,0.0,0.0,0.0,0,0.0,0.0,1.0,0,0.0
Chiwome,Wolves,Forward,4.5,1.5,0.0,0.0,0.0,0,0.0,0.0,1.0,0,0.0
Cundle,Wolves,Midfielder,4.5,0.2,0.0,0.0,0.0,0,0.0,0.0,1.0,0,0.0
Dawson,Wolves,Defender,4.3,0.1,0.5,0.07,0.5700000000000001,17,0.0,3.95,1.0,0,0.0
Godfrey,Ipswich,Defender,4.0,0.0,0.0,0.02,0.02,0,0.0,0.0,1.0,0,0.0
Edouard,Leicester,Forward,5.1,0.2,0.39,0.07,0.46,7,0.0,1.37,1.0,0,0.0
Humphreys,Ipswich,Midfielder,4.5,0.0,0.0,0.0,0.0,0,0.0,0.0,1.0,0,0.0
Ladapo,Ipswich,Forward,4.5,0.4,0.0,0.0,0.0,0,0.0,0.0,1.0,0,0.0
Ndaba,Ipswich,Defender,4.0,0.0,0.0,0.0,0.0,0,0.0,0.0,1.0,0,0.0
Slicker,Ipswich,Goalkeeper,3.9,0.7,0.0,0.0,0.0,0,0.0,0.0,1.0,0,0.0
Walton,Ipswich,Goalkeeper,4.3,0.2,0.0,0.0,0.0,14,0.0,3.26,1.0,0,0.0
Ângelo,Chelsea,Midfielder,4.5,0.1,0.0,0.0,0.0,0,0.0,0.0,1.0,0,0.0
B.Badiashile,Chelsea,Defender,4.2,0.1,0.0,0.06,0.06,5,0.0,1.19,1.0,0,0.0
Bergström,Chelsea,Goalkeeper,3.9,0.3,0.0,0.0,0.0,0,0.0,0.0,1.0,0,0.0
J.Cuenca,Fulham,Defender,4.4,0.0,0.0,0.0,0.0,4,0.0,0.91,1.0,0,0.0
King,Fulham,Midfielder,4.5,0.1,0.2,0.65,0.8500000000000001,7,0.0,1.56,1.0,0,0.0
Godo,Fulham,Midfielder,4.4,0.0,0.0,0.0,0.0,1,0.0,0.23,1.0,0,0.0
Amissah,Fulham,Defender,4.0,0.0,0.0,0.0,0.0,0,0.0,0.0,1.0,0,0.0
Al-Hamadi,Ipswich,Forward,4.7,0.3,0.35,0.04,0.38999999999999996,8,0.0,1.7,1.0,0,0.0
Ream,Fulham,Defender,4.5,0.0,0.0,0.0,0.0,0,0.0,0.0,1.0,0,0.0
Stansfield,Fulham,Forward,5.0,0.0,0.0,0.0,0.0,1,0.0,0.2,1.0,0,0.0
Tete,Fulham,Defender,4.4,0.2,1.02,0.44,1.46,37,0.0,8.41,1.0,0,0.0
Vinicius,Fulham,Forward,5.0,0.3,0.06,0.0,0.06,1,0.0,0.2,1.0,0,0.0
Y. Chermiti,Everton,Forward,4.9,0.0,0.0,0.0,0.0,0,0.0,0.0,1.0,0,0.0
Enes Ünal,Bournemouth,Forward,5.4,0.1,2.73,0.26,2.99,32,0.0,5.93,1.0,0,0.0
Faivre,Bournemouth,Midfielder,5.0,0.0,0.0,0.0,0.0,0,0.0,0.0,1.0,0,0.0
H.Traorè,Bournemouth,Midfielder,4.5,0.0,0.0,0.0,0.0,0,0.0,0.0,1.0,0,0.0
Hill,Bournemouth,Defender,3.9,0.6,0.01,0.19,0.2,13,0.0,3.33,1.0,0,0.0
Mepham,Bournemouth,Defender,4.4,0.0,0.0,0.0,0.0,0,0.0,0.0,1.0,0,0.0
Paulsen,Bournemouth,Goalkeeper,4.0,0.0,0.0,0.0,0.0,0,0.0,0.0,1.0,0,0.0
Deivid,Chelsea,Forward,4.9,0.1,0.0,0.0,0.0,0,0.0,0.0,1.0,0,0.0
Gallagher,Chelsea,Midfielder,5.9,0.1,0.0,0.0,0.0,0,0.0,0.0,1.0,0,0.0
Gilchrist,Chelsea,Defender,4.0,0.0,0.0,0.0,0.0,0,0.0,0.0,1.0,0,0.0
Szmodics,Ipswich,Midfielder,5.7,0.2,3.44,0.44,3.88,52,0.0,9.12,1.0,0,0.0
Ogbene,Ipswich,Midfielder,4.8,0.0,0.0,0.05,0.05,7,0.0,1.46,1.0,0,0.0
Elliott,Liverpool,Midfielder,5.2,0.2,0.07,0.35,0.42,12,0.2,2.31,1.25,0,0.0
Cannon,Leicester,Forward,4.5,0.3,0.0,0.0,0.0,0,0.0,0.0,1.0,0,0.0
Choudhury,Leicester,Midfielder,4.4,1.9,0.0,0.19,0.19,4,0.0,0.91,1.0,0,0.0
Golding,Leicester,Midfielder,4.4,0.2,0.0,0.0,0.0,0,0.0,0.0,1.0,0,0.0
Iversen,Leicester,Goalkeeper,3.9,0.9,0.0,0.0,0.0,0,0.0,0.0,1.0,0,0.0
Marcal,Leicester,Midfielder,4.5,0.0,0.0,0.0,0.0,0,0.0,0.0,1.0,0,0.0
McAteer,Leicester,Midfielder,4.7,0.0,0.55,0.22,0.77,18,0.0,3.83,1.0,0,0.0
Ricardo,Leicester,Defender,4.1,0.1,0.0,0.03,0.03,2,0.0,0.49,1.0,0,0.0
Souttar,Leicester,Defender,4.0,0.0,0.0,0.0,0.0,0,0.0,0.0,1.0,0,0.0
Bettinelli,Chelsea,Goalkeeper,3.9,0.4,0.0,0.0,0.0,0,0.0,0.0,1.0,0,0.0
Casadei,Chelsea,Midfielder,4.4,0.1,0.0,0.0,0.0,0,0.0,0.0,1.0,0,0.0
Chukwuemeka,Chelsea,Midfielder,4.7,0.0,0.0,0.0,0.0,0,0.0,0.0,1.0,0,0.0
D.D.Fofana,Chelsea,Forward,5.4,0.1,0.0,0.0,0.0,0,0.0,0.0,1.0,0,0.0
Harris,Fulham,Midfielder,4.5,0.0,0.0,0.0,0.0,0,0.0,0.0,1.0,0,0.0
Mbabu,Fulham,Defender,4.0,0.1,0.0,0.0,0.0,0,0.0,0.0,1.0,0,0.0
Jimoh,Aston Villa,Midfielder,4.5,0.0,0.0,0.0,0.0,0,0.0,0.0,1.0,0,0.0
Aarons,Bournemouth,Defender,4.3,0.1,0.0,0.01,0.01,8,0.0,1.86,1.0,0,0.0
Undav,Brighton,Forward,5.5,0.0,0.0,0.0,0.0,0,0.0,0.0,1.0,0,0.0
Wieffer,Brighton,Midfielder,4.7,0.1,0.5,0.18,0.6799999999999999,28,0.0,5.96,1.0,0,0.0
Moran,Brighton,Midfielder,5.0,0.0,0.0,0.0,0.0,0,0.0,0.0,1.0,0,0.0
Rushworth,Brighton,Goalkeeper,3.9,0.0,0.0,0.0,0.0,0,0.0,0.0,1.0,0,0.0
Thomas,Leicester,Defender,3.9,1.7,0.02,0.05,0.07,1,0.0,0.26,1.0,0,0.0
Ward,Leicester,Goalkeeper,3.9,2.1,0.0,0.0,0.0,2,0.0,0.51,1.0,0,0.0
A.Fatawu,Leicester,Midfielder,5.1,0.2,0.41,1.42,1.8299999999999998,26,0.0,5.1,1.0,0,0.0
Alves,Leicester,Midfielder,4.4,0.1,0.0,0.0,0.0,1,0.0,0.23,1.0,0,0.0
Nelson,Leicester,Defender,4.0,0.0,0.0,0.0,0.0,0,0.0,0.0,1.0,0,0.0
Cartwright,Leicester,Midfielder,4.5,0.0,0.0,0.0,0.0,0,0.0,0.0,1.0,0,0.0
Wilson-Brown,Leicester,Defender,4.0,0.0,0.0,0.0,0.0,0,0.0,0.0,1.0,0,0.0
Bajcetic,Liverpool,Midfielder,4.5,0.0,0.0,0.0,0.0,0,0.0,0.0,1.0,0,0.0
Clark,Liverpool,Midfielder,4.5,0.0,0.0,0.0,0.0,0,0.0,0.0,1.0,0,0.0
Doak,Liverpool,Midfielder,4.5,0.0,0.0,0.0,0.0,0,0.0,0.0,1.0,0,0.0
Mudryk,Chelsea,Midfielder,6.1,0.2,0.24,0.66,0.9,7,0.0,1.15,1.0,0,0.0
Knight,Brighton,Midfielder,4.5,0.0,0.0,0.0,0.0,0,0.0,0.0,1.0,0,0.0
Cashin,Brighton,Defender,4.5,0.0,0.0,0.0,0.0,0,0.0,0.0,1.0,0,0.0
Andrey Santos,Chelsea,Midfielder,4.5,0.0,0.0,0.0,0.0,0,0.0,0.0,1.0,0,0.0
Anthony,Bournemouth,Midfielder,4.5,0.1,0.0,0.0,0.0,0,0.0,0.0,1.0,0,0.0
Kelleher,Liverpool,Goalkeeper,4.0,1.2,0.0,0.0,0.0,37,0.0,9.25,1.0,0,0.0
McConnell,Liverpool,Midfielder,4.4,0.1,0.0,0.0,0.0,0,0.0,0.0,1.0,0,0.0
Morton,Liverpool,Midfielder,4.4,0.1,0.0,0.0,0.0,0,0.0,0.0,1.0,0,0.0
N.Phillips,Liverpool,Defender,4.0,0.1,0.0,0.0,0.0,0,0.0,0.0,1.0,0,0.0
Gomez,Liverpool,Defender,4.7,0.4,0.33,0.09,0.42000000000000004,14,0.0,2.98,1.0,0,0.0
Onana,Aston Villa,Midfielder,4.8,2.3,1.85,0.25,2.1,41,0.2,8.54,5.26,0,0.0
Swinkels,Aston Villa,Defender,4.0,0.1,0.0,0.0,0.0,0,0.0,0.0,1.0,0,0.0
Zych,Aston Villa,Goalkeeper,4.0,0.5,0.0,0.0,0.0,0,0.0,0.0,1.0,0,0.0
Young,Aston Villa,Midfielder,4.5,0.2,0.0,0.0,0.0,0,0.0,0.0,1.0,0,0.0
Broggio,Aston Villa,Midfielder,4.5,0.0,0.0,0.0,0.0,0,0.0,0.0,1.0,0,0.0
Samuels,Brighton,Defender,4.0,0.0,0.0,0.0,0.0,0,0.0,0.0,1.0,0,0.0
Cahill,Brighton,Goalkeeper,3.9,1.2,0.0,0.0,0.0,0,0.0,0.0,1.0,0,0.0
McConville,Brighton,Defender,4.0,0.0,0.0,0.0,0.0,0,0.0,0.0,1.0,0,0.0
Slater,Brighton,Defender,4.0,0.0,0.0,0.0,0.0,0,0.0,0.0,1.0,0,0.0
Philip,Bournemouth,Midfielder,4.8,0.0,0.55,0.97,1.52,10,0.0,2.08,1.0,0,0.0
Senesi,Bournemouth,Defender,4.6,0.3,0.81,0.44,1.25,21,0.0,4.57,1.0,0,0.0
Armstrong,Everton,Midfielder,4.4,0.2,0.37,0.0,0.37,2,0.0,0.45,1.0,0,0.0
Metcalfe,Everton,Midfielder,4.5,0.0,0.0,0.0,0.0,0,0.0,0.0,1.0,0,0.0
Begovic,Everton,Goalkeeper,4.0,0.2,0.0,0.0,0.0,0,0.0,0.0,1.0,0,0.0
Dixon,Everton,Defender,4.0,0.1,0.0,0.0,0.0,0,0.0,0.0,1.0,0,0.0
Bates,Everton,Midfielder,4.5,0.0,0.0,0.0,0.0,0,0.0,0.0,1.0,0,0.0
Kellyman,Chelsea,Midfielder,4.3,0.1,0.0,0.0,0.0,0,0.0,0.0,1.0,0,0.0
Lavia,Chelsea,Midfielder,4.5,0.4,0.18,0.3,0.48,15,0.0,3.33,1.0,0,0.0
Lukaku,Chelsea,Forward,6.3,0.2,0.0,0.0,0.0,0,0.0,0.0,1.0,0,0.0
M.Sarr,Chelsea,Defender,4.5,0.0,0.0,0.0,0.0,0,0.0,0.0,1.0,0,0.0
Walker,Man City,Defender,5.1,2.7,0.12,1.34,1.46,13,0.0,2.55,1.0,0,0.0
Kaboré,Man City,Defender,4.5,0.0,0.0,0.0,0.0,0,0.0,0.0,1.0,0,0.0
R.Williams,Liverpool,Defender,4.0,0.0,0.0,0.0,0.0,0,0.0,0.0,1.0,0,0.0
Tsimikas,Liverpool,Defender,4.6,0.2,0.08,1.05,1.1300000000000001,25,0.2,5.43,2.86,0,0.0
Chiesa,Liverpool,Midfielder,6.8,0.2,0.16,0.09,0.25,3,0.2,0.44,1.67,0,0.0
Jaros,Liverpool,Goalkeeper,4.0,0.1,0.0,0.0,0.0,1,0.0,0.25,1.0,0,0.0
Davies,Liverpool,Goalkeeper,4.0,0.0,0.0,0.0,0.0,0,0.0,0.0,1.0,0,0.0
Nyoni,Liverpool,Midfielder,4.5,0.0,0.0,0.0,0.0,0,0.0,0.0,1.0,0,0.0
Nallo,Liverpool,Defender,4.0,0.0,0.0,0.0,0.0,0,0.0,0.0,1.0,0,0.0
Danns,Liverpool,Forward,4.5,0.0,0.0,0.01,0.01,1,0.2,0.22,2.0,0,0.0
Aké,Man City,Defender,5.3,0.8,0.22,0.15,0.37,24,0.0,4.53,1.0,0,0.0
Bobb,Man City,Midfielder,4.7,0.1,0.0,0.0,0.0,0,0.0,0.0,1.0,0,0.0
Carson,Man City,Goalkeeper,3.9,0.2,0.0,0.0,0.0,0,0.0,0.0,1.0,0,0.0
Grealish,Man City,Midfielder,6.4,0.2,0.78,1.52,2.3,25,0.0,3.91,1.0,0,0.0
F.Kadıoğlu,Brighton,Defender,4.4,0.1,0.44,0.31,0.75,19,0.0,4.32,1.0,0,0.0
Evans,Man Utd,Defender,4.4,0.1,0.08,0.02,0.1,14,0.0,3.18,1.0,0,0.0
Hannibal,Man Utd,Midfielder,4.5,0.0,0.0,0.0,0.0,0,0.0,0.0,1.0,0,0.0
Gilmour,Brighton,Midfielder,5.0,0.0,0.08,0.04,0.12,3,0.0,0.6,1.0,0,0.0
Gross,Brighton,Midfielder,6.5,0.0,0.0,0.0,0.0,0,0.0,0.0,1.0,0,0.0
Kesler-Hayden,Aston Villa,Defender,4.0,0.0,0.0,0.0,0.0,0,0.0,0.0,1.0,0,0.0
Marschall,Aston Villa,Goalkeeper,4.0,0.0,0.0,0.0,0.0,0,0.0,0.0,1.0,0,0.0
Nedeljkovic,Aston Villa,Defender,3.9,0.7,0.0,0.02,0.02,5,0.2,1.28,4.84,0,0.0
Olsen,Aston Villa,Goalkeeper,4.5,0.1,0.0,0.0,0.0,1,0.0,0.22,1.0,0,0.0
Pau,Aston Villa,Defender,4.2,0.7,0.51,0.34,0.8500000000000001,32,0.0,7.62,1.0,0,0.0
Sinisalo,Aston Villa,Goalkeeper,4.0,0.0,0.0,0.0,0.0,0,0.0,0.0,1.0,0,0.0
Sousa,Aston Villa,Defender,4.0,0.1,0.0,0.0,0.0,0,0.0,0.0,1.0,0,0.0
J.Alvarez,Man City,Forward,7.0,0.1,0.0,0.0,0.0,0,0.0,0.0,1.0,0,0.0
João Cancelo,Man City,Defender,5.3,0.2,0.0,0.0,0.0,0,0.0,0.0,1.0,0,0.0
Ortega Moreno,Man City,Goalkeeper,5.2,0.6,0.0,0.0,0.0,25,0.0,4.81,1.0,0,0.0
Rodrigo,Man City,Midfielder,6.2,0.8,0.0,0.09,0.09,2,0.0,0.32,1.0,0,0.0
Rúben,Man City,Defender,5.4,2.2,1.12,0.75,1.87,34,0.0,6.3,1.0,0,0.0
O’Mahony,Brighton,Forward,4.5,0.2,0.0,0.0,0.0,0,0.0,0.0,1.0,0,0.0
Offiah,Brighton,Defender,4.0,0.1,0.0,0.0,0.0,0,0.0,0.0,1.0,0,0.0
Peupion,Brighton,Midfielder,4.4,0.1,0.0,0.0,0.0,0,0.0,0.0,1.0,0,0.0
Sarmiento,Brighton,Midfielder,4.9,0.0,0.0,0.0,0.0,1,0.0,0.2,1.0,0,0.0
Steele,Brighton,Goalkeeper,4.1,0.8,0.0,0.0,0.0,9,0.0,2.2,1.0,0,0.0
Heaton,Man Utd,Goalkeeper,3.9,0.3,0.0,0.0,0.0,0,0.0,0.0,1.0,0,0.0
Lindelof,Man Utd,Defender,4.3,0.1,0.0,0.04,0.04,4,0.0,0.93,1.0,0,0.0
Wright,Man City,Midfielder,4.5,0.0,0.0,0.0,0.0,0,0.0,0.0,1.0,0,0.0
Simpson-Pusey,Man City,Defender,4.0,0.0,0.0,0.01,0.01,1,0.0,0.25,1.0,0,0.0
Wilson-Esbrand,Man City,Defender,4.0,0.0,0.0,0.0,0.0,0,0.0,0.0,1.0,0,0.0
Mubama,Man City,Forward,4.5,0.1,0.04,0.0,0.04,1,0.0,0.22,1.0,0,0.0
Alleyne,Man City,Defender,4.0,0.0,0.0,0.0,0.0,0,0.0,0.0,1.0,0,0.0
Brits,Man City,Goalkeeper,4.0,0.0,0.0,0.0,0.0,0,0.0,0.0,1.0,0,0.0
Vitor Reis,Man City,Defender,4.5,0.0,0.0,0.0,0.0,0,0.0,0.0,1.0,0,0.0
Antony,Man Utd,Midfielder,5.7,0.2,0.6,0.21,0.8099999999999999,8,0.0,1.4,1.0,0,0.0
Bayindir,Man Utd,Goalkeeper,4.3,0.1,0.0,0.0,0.0,0,0.0,0.0,1.0,0,0.0
March,Brighton,Midfielder,6.5,0.0,0.07,0.02,0.09000000000000001,1,0.0,0.15,1.0,0,0.0
Mazilu,Brighton,Midfielder,4.5,0.0,0.0,0.0,0.0,0,0.0,0.0,1.0,0,0.0
Petrović,Chelsea,Goalkeeper,4.4,0.2,0.0,0.0,0.0,0,0.0,0.0,1.0,0,0.0
Renato Veiga,Chelsea,Midfielder,4.4,0.1,0.16,0.15,0.31,7,0.0,1.59,1.0,0,0.0
W.Fofana,Chelsea,Defender,4.3,0.3,0.4,0.15,0.55,19,0.0,4.42,1.0,0,0.0
Keane,Everton,Defender,3.9,4.6,0.43,0.02,0.45,33,0.0,8.46,1.0,0,0.0
Maupay,Everton,Forward,4.9,0.2,0.0,0.0,0.0,0,0.0,0.0,1.0,0,0.0
McNeil,Everton,Midfielder,5.1,1.2,0.87,3.96,4.83,65,0.0,12.75,1.0,0,0.0
Ward,Crystal Palace,Defender,4.3,0.1,0.0,0.0,0.0,0,0.0,0.0,1.0,0,0.0
Turner,Crystal Palace,Goalkeeper,3.9,9.2,0.0,0.0,0.0,0,0.0,0.0,1.0,0,0.0
Umeh-Chibueze,Crystal Palace,Midfielder,4.4,0.0,0.0,0.0,0.0,0,0.0,0.0,1.0,0,0.0
Agbinone,Crystal Palace,Midfielder,4.5,0.0,0.02,0.01,0.03,2,0.0,0.44,1.0,0,0.0
Rodney,Crystal Palace,Midfielder,4.5,0.0,0.0,0.0,0.0,0,0.0,0.0,1.0,0,0.0
Milner,Brighton,Midfielder,5.0,0.0,0.16,0.15,0.31,5,0.0,1.0,1.0,0,0.0
Moder,Brighton,Midfielder,4.4,0.5,0.0,0.53,0.53,4,0.0,0.91,1.0,0,0.0
McTominay,Man Utd,Midfielder,4.9,0.1,0.07,0.0,0.07,2,0.0,0.41,1.0,0,0.0
Mount,Man Utd,Midfielder,6.3,0.1,0.4,0.08,0.48000000000000004,8,0.0,1.27,1.0,0,0.0
Pellistri,Man Utd,Midfielder,5.0,0.0,0.0,0.0,0.0,0,0.0,0.0,1.0,0,0.0
Shaw,Man Utd,Defender,4.9,0.2,0.0,0.01,0.01,2,0.0,0.41,1.0,0,0.0
Jorginho,Arsenal,Midfielder,4.7,0.2,0.04,0.47,0.51,13,0.0,2.77,1.0,0,0.0
Wheatley,Man Utd,Forward,4.5,1.3,0.0,0.0,0.0,0,0.0,0.0,1.0,0,0.0
Heaven,Man Utd,Defender,4.0,0.1,0.0,0.0,0.0,0,0.0,0.0,1.0,0,0.0
Fletcher,Man Utd,Midfielder,4.5,0.0,0.0,0.0,0.0,0,0.0,0.0,1.0,0,0.0
Amass,Man Utd,Defender,4.0,0.0,0.0,0.0,0.0,0,0.0,0.0,1.0,0,0.0
Fitzgerald,Man Utd,Midfielder,4.5,0.0,0.0,0.0,0.0,0,0.0,0.0,1.0,0,0.0
Kukonki,Man Utd,Defender,4.0,0.0,0.0,0.0,0.0,0,0.0,0.0,1.0,0,0.0
Harrison,Man Utd,Goalkeeper,4.0,0.0,0.0,0.0,0.0,0,0.0,0.0,1.0,0,0.0
I.Osman,Brighton,Midfielder,5.0,0.0,0.0,0.0,0.0,0,0.0,0.0,1.0,0,0.0
Igor,Brighton,Defender,4.3,0.1,0.05,0.23,0.28,17,0.0,3.95,1.0,0,0.0
Kozlowski,Brighton,Midfielder,4.5,0.0,0.0,0.0,0.0,0,0.0,0.0,1.0,0,0.0
Pivas,Newcastle,Defender,4.0,0.1,0.0,0.0,0.0,0,0.0,0.0,1.0,0,0.0
Alex Moreno,Nott'm Forest,Defender,4.2,0.4,0.17,0.82,0.99,31,0.0,7.38,1.0,0,0.0
Fredricson,Man Utd,Defender,4.0,0.0,0.0,0.0,0.0,0,0.0,0.0,1.0,0,0.0
Moorhouse,Man Utd,Midfielder,4.5,0.0,0.0,0.0,0.0,0,0.0,0.0,1.0,0,0.0
Koné,Man Utd,Midfielder,4.5,0.0,0.0,0.0,0.0,0,0.0,0.0,1.0,0,0.0
A.Murphy,Newcastle,Defender,4.0,0.6,0.0,0.0,0.0,0,0.0,0.0,1.0,0,0.0
Barnes,Newcastle,Midfielder,5.9,1.0,2.41,2.62,5.03,65,0.0,11.02,1.0,0,0.0
Botman,Newcastle,Defender,4.4,0.1,0.03,0.02,0.05,7,0.0,1.59,1.0,0,0.0
Hayden,Newcastle,Midfielder,4.4,0.1,0.0,0.0,0.0,0,0.0,0.0,1.0,0,0.0
Kuol,Newcastle,Midfielder,4.4,0.1,0.0,0.0,0.0,0,0.0,0.0,1.0,0,0.0
Lascelles,Newcastle,Defender,4.5,0.0,0.0,0.0,0.0,0,0.0,0.0,1.0,0,0.0
Kiwior,Arsenal,Defender,4.8,0.2,0.0,0.03,0.03,13,0.0,2.71,1.0,0,0.0
Harris,Bournemouth,Defender,4.0,0.0,0.0,0.0,0.0,0,0.0,0.0,1.0,0,0.0
Mighten,Nott'm Forest,Midfielder,4.5,0.0,0.0,0.0,0.0,0,0.0,0.0,1.0,0,0.0
O.Richards,Nott'm Forest,Defender,4.5,0.0,0.0,0.0,0.0,0,0.0,0.0,1.0,0,0.0
O'Brien,Nott'm Forest,Midfielder,5.0,0.0,0.0,0.0,0.0,0,0.0,0.0,1.0,0,0.0
Omobamidele,Nott'm Forest,Defender,4.2,0.0,0.0,0.0,0.0,0,0.0,0.0,1.0,0,0.0
Panzo,Nott'm Forest,Defender,4.0,0.0,0.0,0.0,0.0,0,0.0,0.0,1.0,0,0.0
Toffolo,Nott'm Forest,Defender,4.2,0.1,0.02,0.01,0.03,3,0.0,0.71,1.0,0,0.0
Trevitt,Brentford,Midfielder,4.4,0.1,0.0,0.0,0.0,1,0.0,0.23,1.0,0,0.0
G.Nunes,Brentford,Midfielder,4.9,0.0,0.0,0.0,0.0,0,0.0,0.0,1.0,0,0.0
Meghoma,Brentford,Defender,4.0,0.0,0.0,0.0,0.0,1,0.0,0.25,1.0,0,0.0
Lewis,Newcastle,Defender,4.0,0.1,0.0,0.0,0.0,0,0.0,0.0,1.0,0,0.0
Odysseas,Newcastle,Goalkeeper,4.3,0.1,0.0,0.0,0.0,0,0.0,0.0,1.0,0,0.0
Pope,Newcastle,Goalkeeper,4.9,3.1,0.0,0.0,0.0,48,0.0,9.8,1.0,0,0.0
Ruddy,Newcastle,Goalkeeper,3.9,0.3,0.0,0.0,0.0,0,0.0,0.0,1.0,0,0.0
Targett,Newcastle,Defender,4.0,0.3,0.0,0.0,0.0,1,0.0,0.25,1.0,0,0.0
White,Newcastle,Midfielder,4.5,0.1,0.0,0.0,0.0,0,0.0,0.0,1.0,0,0.0
C.Miguel,Nott'm Forest,Goalkeeper,4.1,0.2,0.0,0.0,0.0,0,0.0,0.0,1.0,0,0.0
Da Silva Moreira,Nott'm Forest,Midfielder,4.4,0.1,0.0,0.0,0.0,2,0.0,0.45,1.0,0,0.0
Dennis,Nott'm Forest,Forward,4.9,0.2,0.0,0.0,0.0,0,0.0,0.0,1.0,0,0.0
Kporha,Crystal Palace,Defender,4.0,0.0,0.0,0.02,0.02,2,0.0,0.5,1.0,0,0.0
Marsh,Crystal Palace,Forward,4.5,0.3,0.0,0.0,0.0,0,0.0,0.0,1.0,0,0.0
Broja,Everton,Forward,5.4,0.1,0.11,0.09,0.2,5,0.0,0.93,1.0,0,0.0
Calvert-Lewin,Everton,Forward,5.4,1.2,6.05,0.63,6.68,59,0.2,10.93,5.33,0,0.0
Coleman,Everton,Defender,4.3,0.0,0.62,0.01,0.63,3,0.0,0.7,1.0,0,0.0
Holgate,Everton,Defender,4.0,0.2,0.0,0.0,0.0,1,0.0,0.25,1.0,0,0.0
J.Virginia,Everton,Goalkeeper,3.9,0.6,0.0,0.0,0.0,0,0.0,0.0,1.0,0,0.0
Travers,Bournemouth,Goalkeeper,4.4,0.1,0.0,0.01,0.01,19,0.0,4.32,1.0,0,0.0
J.Araujo,Bournemouth,Defender,4.3,0.1,0.0,0.04,0.04,8,0.0,1.86,1.0,0,0.0
Dennis,Bournemouth,Goalkeeper,4.0,0.3,0.0,0.0,0.0,0,0.0,0.0,1.0,0,0.0
Evanilson,Bournemouth,Forward,5.6,0.6,6.46,1.3,7.76,78,0.0,13.93,1.0,0,0.0
Kinsey,Bournemouth,Defender,4.0,0.0,0.0,0.0,0.0,0,0.0,0.0,1.0,0,0.0
Winterburn,Bournemouth,Midfielder,4.5,0.0,0.0,0.0,0.0,2,0.0,0.44,1.0,0,0.0
Larios,Southampton,Defender,3.9,0.1,0.0,0.0,0.0,0,0.0,0.0,1.0,0,0.0
Lis,Southampton,Goalkeeper,4.0,0.1,0.0,0.0,0.0,0,0.0,0.0,1.0,0,0.0
Lumley,Southampton,Goalkeeper,4.0,0.6,0.0,0.0,0.0,8,0.0,2.0,1.0,0,0.0
Yogane,Brentford,Midfielder,4.5,0.0,0.0,0.0,0.0,0,0.0,0.0,1.0,0,0.0
Maghoma,Brentford,Midfielder,4.5,0.0,0.0,0.03,0.03,5,0.0,1.11,1.0,0,0.0
Arthur,Brentford,Defender,4.0,0.0,0.0,0.0,0.0,0,0.0,0.0,1.0,0,0.0
Eyestone,Brentford,Goalkeeper,4.0,0.0,0.0,0.0,0.0,0,0.0,0.0,1.0,0,0.0
Baker-Boaitey,Brighton,Midfielder,4.5,0.0,0.0,0.0,0.0,0,0.0,0.0,1.0,0,0.0
Barco,Brighton,Defender,4.0,2.2,0.0,0.0,0.0,0,0.0,0.0,1.0,0,0.0
Cozier-Duberry,Brighton,Midfielder,4.5,0.0,0.0,0.0,0.0,0,0.0,0.0,1.0,0,0.0
Dahoud,Brighton,Midfielder,4.9,0.0,0.0,0.0,0.0,0,0.0,0.0,1.0,0,0.0
Estupiñan,Brighton,Defender,4.9,0.8,0.5,1.65,2.15,39,0.0,7.96,1.0,0,0.0
Ui-jo,Nott'm Forest,Forward,4.5,0.8,0.0,0.0,0.0,0,0.0,0.0,1.0,0,0.0
Worrall,Nott'm Forest,Defender,4.5,0.0,0.0,0.0,0.0,0,0.0,0.0,1.0,0,0.0
Sosa,Nott'm Forest,Midfielder,5.5,0.1,1.04,0.3,1.34,20,0.0,3.64,1.0,0,0.0
Bowler,Nott'm Forest,Midfielder,4.5,0.0,0.0,0.0,0.0,0,0.0,0.0,1.0,0,0.0
Cornet,Southampton,Midfielder,4.7,0.0,0.16,0.0,0.16,1,0.0,0.21,1.0,0,0.0
Downes,Southampton,Midfielder,4.7,0.0,0.62,1.14,1.7599999999999998,32,0.0,6.81,1.0,0,0.0
Brereton Díaz,Southampton,Midfielder,4.8,0.1,0.9,0.15,1.05,13,0.0,2.71,1.0,0,0.0
O'Brien-Whitmarsh,Southampton,Midfielder,4.5,0.0,0.0,0.0,0.0,0,0.0,0.0,1.0,0,0.0
Kayi Sanda,Southampton,Defender,4.0,0.0,0.0,0.0,0.0,0,0.0,0.0,1.0,0,0.0
Abbott,Nott'm Forest,Defender,4.0,0.0,0.0,0.0,0.0,0,0.0,0.0,1.0,0,0.0
Hennessey,Nott'm Forest,Goalkeeper,4.0,0.0,0.0,0.0,0.0,0,0.0,0.0,1.0,0,0.0
Amo-Ameyaw,Southampton,Midfielder,4.4,0.1,0.02,0.13,0.15,1,0.0,0.23,1.0,0,0.0
Saka,Arsenal,Midfielder,10.2,8.7,4.17,5.6,9.77,107,0.0,10.49,1.0,0,0.0
Bazunu,Southampton,Goalkeeper,4.3,0.1,0.0,0.0,0.0,0,0.0,0.0,1.0,0,0.0
Bella-Kotchap,Southampton,Defender,3.9,0.4,0.0,0.0,0.0,0,0.0,0.0,1.0,0,0.0
Charles,Southampton,Midfielder,4.5,0.0,0.0,0.0,0.0,0,0.0,0.0,1.0,0,0.0
Edozie,Southampton,Midfielder,4.9,0.0,0.0,0.15,0.15,1,0.0,0.2,1.0,0,0.0
Edwards,Southampton,Defender,3.9,0.3,0.0,0.0,0.0,1,0.0,0.26,1.0,0,0.0
Kalajdžić,Wolves,Forward,4.8,0.0,0.0,0.0,0.0,0,0.0,0.0,1.0,0,0.0
Porter,Arsenal,Goalkeeper,4.0,0.0,0.0,0.0,0.0,0,0.0,0.0,1.0,0,0.0
Barkley,Aston Villa,Midfielder,5.2,0.2,1.68,0.41,2.09,40,0.0,7.69,1.0,0,0.0
Barrenechea,Aston Villa,Midfielder,4.9,0.0,0.0,0.0,0.0,0,0.0,0.0,1.0,0,0.0
Buendia,Aston Villa,Midfielder,5.1,0.1,0.65,0.03,0.68,11,0.2,2.16,1.62,0,0.0
Dendoncker,Aston Villa,Midfielder,4.5,0.2,0.0,0.0,0.0,0,0.0,0.0,1.0,0,0.0
Diaby,Aston Villa,Midfielder,6.5,0.0,0.0,0.0,0.0,0,0.0,0.0,1.0,0,0.0
Diego Carlos,Aston Villa,Defender,4.5,0.3,0.64,0.08,0.72,21,0.0,4.67,1.0,0,0.0
Dobbin,Aston Villa,Midfielder,5.0,0.0,0.0,0.0,0.0,0,0.0,0.0,1.0,0,0.0
Duran,Aston Villa,Forward,5.7,1.9,5.11,0.24,5.3500000000000005,53,0.2,9.3,2.35,0,0.0
Gauci,Aston Villa,Goalkeeper,4.0,0.6,0.0,0.0,0.0,0,0.0,0.0,1.0,0,0.0
Mara,Southampton,Forward,5.0,0.0,0.0,0.0,0.0,0,0.0,0.0,1.0,0,0.0
King,Wolves,Goalkeeper,4.0,1.3,0.0,0.0,0.0,0,0.0,0.0,1.0,0,0.0
Stewart,Southampton,Forward,4.4,2.0,0.17,0.02,0.19,3,0.0,0.68,1.0,0,0.0
Taylor,Southampton,Defender,3.9,4.2,0.0,0.1,0.1,5,0.0,1.28,1.0,0,0.0
Wood,Southampton,Defender,4.0,1.2,0.23,0.04,0.27,13,0.0,3.25,1.0,0,0.0
Amougou,Chelsea,Midfielder,4.5,0.0,0.0,0.0,0.0,0,0.0,0.0,1.0,0,0.0
Anselmino,Chelsea,Defender,4.0,0.0,0.0,0.0,0.0,0,0.0,0.0,1.0,0,0.0
E.Royal,Spurs,Defender,4.5,0.0,0.0,0.0,0.0,0,0.0,0.0,1.0,0,0.0
Forster,Spurs,Goalkeeper,4.3,0.4,0.0,0.0,0.0,19,0.0,4.42,1.0,0,0.0
Højbjerg,Spurs,Midfielder,5.0,0.0,0.0,0.0,0.0,0,0.0,0.0,1.0,0,0.0
Lo Celso,Spurs,Midfielder,4.9,0.0,0.0,0.0,0.0,0,0.0,0.0,1.0,0,0.0
Reguilón,Spurs,Defender,4.2,0.2,0.07,0.24,0.31,1,0.0,0.24,1.0,0,0.0
Romero,Spurs,Defender,4.9,3.4,1.03,0.74,1.77,35,0.0,7.14,1.0,0,0.0
Ji-soo,Brentford,Defender,3.9,0.4,0.0,0.0,0.0,2,0.0,0.51,1.0,0,0.0
Konak,Brentford,Midfielder,4.4,0.1,0.15,0.0,0.15,5,0.0,1.14,1.0,0,0.0
Mario Jr.,Wolves,Midfielder,4.8,0.2,1.3,0.87,2.17,47,0.0,9.79,1.0,0,0.0
Solanke,Spurs,Forward,7.3,4.5,8.43,1.08,9.51,83,0.0,11.37,1.0,0,0.0
A.Phillips,Spurs,Defender,4.0,0.2,0.0,0.0,0.0,0,0.0,0.0,1.0,0,0.0
Austin,Spurs,Goalkeeper,4.0,0.5,0.0,0.0,0.0,1,0.0,0.25,1.0,0,0.0
Iling Jr,Aston Villa,Midfielder,5.4,0.0,0.0,0.0,0.0,0,0.0,0.0,1.0,0,0.0
Bryan,Spurs,Midfielder,5.0,0.0,0.0,0.0,0.0,0,0.0,0.0,1.0,0,0.0
Devine,Spurs,Midfielder,4.5,0.0,0.0,0.0,0.0,0,0.0,0.0,1.0,0,0.0
Rees-Dottin,Bournemouth,Forward,4.5,0.1,0.0,0.0,0.0,1,0.0,0.22,1.0,0,0.0
Akinmboni,Bournemouth,Defender,4.0,0.0,0.0,0.0,0.0,0,0.0,0.0,1.0,0,0.0
Soler,Bournemouth,Defender,3.9,0.0,0.0,0.0,0.0,0,0.0,0.0,1.0,0,0.0
Holding,Crystal Palace,Defender,4.2,0.1,0.0,0.0,0.0,0,0.0,0.0,1.0,0,0.0
M.França,Crystal Palace,Midfielder,4.4,0.2,0.0,0.0,0.0,0,0.0,0.0,1.0,0,0.0
Matthews,Crystal Palace,Goalkeeper,3.9,0.6,0.0,0.0,0.0,0,0.0,0.0,1.0,0,0.0
Ozoh,Crystal Palace,Midfielder,4.5,0.0,0.0,0.0,0.0,0,0.0,0.0,1.0,0,0.0
Rak-Sakyi,Crystal Palace,Midfielder,4.5,0.0,0.0,0.0,0.0,0,0.0,0.0,1.0,0,0.0
Schlupp,Crystal Palace,Midfielder,4.6,0.1,0.17,0.14,0.31000000000000005,12,0.0,2.61,1.0,0,0.0
Wiley,Chelsea,Defender,4.0,0.0,0.0,0.0,0.0,0,0.0,0.0,1.0,0,0.0
João Félix,Chelsea,Midfielder,5.9,0.4,2.3,0.45,2.75,24,0.0,4.07,1.0,0,0.0
Rak-Sakyi,Chelsea,Midfielder,4.5,0.0,0.0,0.0,0.0,0,0.0,0.0,1.0,0,0.0
Acheampong,Chelsea,Defender,4.0,0.1,0.22,0.01,0.23,3,0.0,0.75,1.0,0,0.0
Cassanova,Spurs,Defender,4.0,0.0,0.0,0.0,0.0,0,0.0,0.0,1.0,0,0.0
Antonio,West Ham,Forward,5.3,0.9,2.2,0.91,3.1100000000000003,42,0.0,7.92,1.0,0,0.0
Earthy,West Ham,Midfielder,4.5,0.0,0.0,0.0,0.0,0,0.0,0.0,1.0,0,0.0
Onyeka,Brentford,Midfielder,4.9,0.0,0.0,0.02,0.02,2,0.0,0.41,1.0,0,0.0
Peart-Harris,Brentford,Midfielder,4.5,0.0,0.0,0.0,0.0,0,0.0,0.0,1.0,0,0.0
Thiago,Brentford,Forward,5.9,0.0,0.1,0.02,0.12000000000000001,5,0.0,0.85,1.0,0,0.0
Toney,Brentford,Forward,7.3,1.1,0.0,0.0,0.0,0,0.0,0.0,1.0,0,0.0
Smith,Bournemouth,Defender,4.4,0.1,0.6,0.1,0.7,34,0.0,7.73,1.0,0,0.0
Bentley,Wolves,Goalkeeper,3.9,1.6,0.0,0.0,0.0,0,0.0,0.0,1.0,0,0.0
Meupiyou,Wolves,Defender,3.9,0.2,0.0,0.0,0.0,0,0.0,0.0,1.0,0,0.0
Adu-Adjei,Bournemouth,Forward,4.5,0.0,0.0,0.0,0.0,0,0.0,0.0,1.0,0,0.0
Sadi,Bournemouth,Midfielder,4.5,0.0,0.0,0.0,0.0,0,0.0,0.0,1.0,0,0.0
McKenna,Bournemouth,Goalkeeper,4.0,0.0,0.0,0.0,0.0,0,0.0,0.0,1.0,0,0.0
Brierley,Brentford,Midfielder,4.4,0.1,0.0,0.0,0.0,0,0.0,0.0,1.0,0,0.0
Baggott,Ipswich,Defender,4.0,0.0,0.0,0.0,0.0,0,0.0,0.0,1.0,0,0.0
Burgess,Ipswich,Defender,3.9,1.7,0.72,0.23,0.95,14,0.0,3.59,1.0,0,0.0
Chaplin,Ipswich,Midfielder,5.1,0.1,1.18,0.54,1.72,33,0.0,6.47,1.0,0,0.0
H.Clarke,Ipswich,Defender,4.0,0.1,0.08,0.1,0.18,1,0.0,0.25,1.0,0,0.0
Edmundson,Ipswich,Defender,4.0,0.1,0.0,0.0,0.0,1,0.0,0.25,1.0,0,0.0
Harness,Ipswich,Midfielder,4.9,0.0,0.0,0.05,0.05,2,0.0,0.41,1.0,0,0.0
Sherif,Everton,Forward,4.5,0.1,0.0,0.0,0.0,0,0.0,0.0,1.0,0,0.0
Heath,Everton,Midfielder,4.5,0.0,0.0,0.0,0.0,0,0.0,0.0,1.0,0,0.0
Coby Ebere,Everton,Midfielder,4.5,0.0,0.0,0.0,0.0,0,0.0,0.0,1.0,0,0.0
Zanka,Brentford,Defender,4.5,0.0,0.0,0.0,0.0,0,0.0,0.0,1.0,0,0.0
Solomon,Spurs,Midfielder,5.4,0.0,0.0,0.0,0.0,0,0.0,0.0,1.0,0,0.0
Udogie,Spurs,Defender,4.8,1.4,0.31,1.1,1.4100000000000001,37,0.0,7.71,1.0,0,0.0
Van de Ven,Spurs,Defender,4.5,2.5,0.35,0.69,1.04,28,0.0,6.22,1.0,0,0.0
Veliz,Spurs,Forward,5.0,0.0,0.0,0.0,0.0,0,0.0,0.0,1.0,0,0.0
Werner,Spurs,Midfielder,6.2,0.1,1.04,1.54,2.58,33,0.0,5.32,1.0,0,0.0
Hause,Aston Villa,Defender,3.9,0.6,0.0,0.0,0.0,0,0.0,0.0,1.0,0,0.0
Fabianski,West Ham,Goalkeeper,4.1,16.1,0.0,0.0,0.0,36,0.0,8.78,1.0,0,0.0
Zouma,West Ham,Defender,4.4,0.1,0.0,0.0,0.0,0,0.0,0.0,1.0,0,0.0
Summerville,West Ham,Midfielder,5.5,0.3,1.61,1.71,3.3200000000000003,33,0.0,6.0,1.0,0,0.0
Füllkrug,West Ham,Forward,6.7,0.8,1.38,0.29,1.67,22,0.0,3.28,1.0,0,0.0
Todibo,West Ham,Defender,4.2,0.2,0.1,0.02,0.12000000000000001,24,0.0,5.71,1.0,0,0.0
Casey,West Ham,Defender,4.0,0.2,0.0,0.0,0.0,1,0.0,0.25,1.0,0,0.0
Mayers,West Ham,Defender,4.0,0.0,0.0,0.0,0.0,0,0.0,0.0,1.0,0,0.0
Whiteman,Spurs,Goalkeeper,3.9,1.4,0.0,0.0,0.0,0,0.0,0.0,1.0,0,0.0
Olusesi,Spurs,Midfielder,4.5,0.0,0.0,0.0,0.0,0,0.0,0.0,1.0,0,0.0
Hardy,Spurs,Defender,4.0,0.0,0.0,0.0,0.0,0,0.0,0.0,1.0,0,0.0
Williams-Barnett,Spurs,Midfielder,4.5,0.0,0.0,0.0,0.0,0,0.0,0.0,1.0,0,0.0
Dorrington,Spurs,Defender,4.0,0.0,0.0,0.0,0.0,1,0.0,0.25,1.0,0,0.0
King,Spurs,Defender,4.0,0.0,0.0,0.0,0.0,0,0.0,0.0,1.0,0,0.0
Yang,Spurs,Midfielder,4.5,0.0,0.0,0.0,0.0,0,0.0,0.0,1.0,0,0.0
Ajayi,Spurs,Midfielder,4.5,0.0,0.0,0.0,0.0,0,0.0,0.0,1.0,0,0.0
B.Traore,Wolves,Midfielder,4.8,0.0,0.0,0.0,0.0,0,0.0,0.0,1.0,0,0.0
Podence,Wolves,Midfielder,5.5,0.0,0.04,0.01,0.05,2,0.0,0.36,1.0,0,0.0
Hein,Arsenal,Goalkeeper,4.0,0.0,0.0,0.0,0.0,0,0.0,0.0,1.0,0,0.0
Butler-Oyedeji,Arsenal,Forward,4.5,0.2,0.0,0.0,0.0,0,0.0,0.0,1.0,0,0.0
Chiquinho,Wolves,Midfielder,4.5,0.1,0.0,0.05,0.05,1,0.0,0.22,1.0,0,0.0
Setford,Arsenal,Goalkeeper,4.5,0.1,0.0,0.0,0.0,0,0.0,0.0,1.0,0,0.0
Kacurri,Arsenal,Defender,4.0,0.1,0.0,0.0,0.0,0,0.0,0.0,1.0,0,0.0
Kabia,Arsenal,Midfielder,4.5,0.0,0.0,0.0,0.0,0,0.0,0.0,1.0,0,0.0
Nichols,Arsenal,Defender,4.0,0.0,0.0,0.0,0.0,0,0.0,0.0,1.0,0,0.0
Neto,Arsenal,Goalkeeper,4.1,0.8,0.0,0.0,0.0,7,0.0,1.71,1.0,0,0.0
Oulad M'hand,Arsenal,Midfielder,4.5,0.0,0.0,0.0,0.0,0,0.0,0.0,1.0,0,0.0
Dasilva,Brentford,Midfielder,4.8,0.0,0.0,0.0,0.0,0,0.0,0.0,1.0,0,0.0
Henry,Brentford,Defender,4.3,0.0,0.0,0.0,0.0,1,0.0,0.23,1.0,0,0.0
Hickey,Brentford,Defender,4.3,0.0,0.0,0.0,0.0,0,0.0,0.0,1.0,0,0.0
G.Jesus,Arsenal,Forward,6.5,1.2,3.05,0.52,3.57,42,0.0,6.46,1.0,0,0.0
Johnstone,Wolves,Goalkeeper,4.2,0.3,0.0,0.0,0.0,12,0.0,2.86,1.0,0,0.0
Dunk,Brighton,Defender,4.2,2.9,0.69,0.64,1.33,38,-0.3,9.05,1.0,0,-0.34
Tuanzebe,Ipswich,Defender,3.9,1.6,0.18,0.09,0.27,15,-0.3,3.85,1.0,-2,-1.18
